OFFENSE_CODE,OFFENSE_DESCRIPTION,DISTRICT,Type_of_Arrest,age_code,sex_label,race_label,ethnicity_label,latitude,longitude
1810,DRUGS - POSSESSION/ SALE/ MANUFACTURING/ USE,A1,Taken into Custody,19,Male,Black or African American,Unknown,42.356375305463075,-71.06213512963006
614,LARCENY THEFT FROM MV - NON-ACCESSORY,C11,On-View,41,Male,White,Unknown,42.3163311419595,-71.06035002432111
613,LARCENY SHOPLIFTING,D4,On-View,52,Male,Black or African American,Unknown,42.335002009514405,-71.07505997965448
1501,WEAPON VIOLATION - CARRY/ POSSESSING/ SALE/ TRAFFICKING/ OTHER,E5,On-View,28,Male,White,Unknown,42.27282499935102,-71.14368898303007
613,LARCENY SHOPLIFTING,C11,Taken into Custody,43,Male,White,Unknown,42.355123390368036,-71.06087979851635
735,RECOVERED - MV RECOVERED IN BOSTON (STOLEN OUTSIDE BOSTON),B2,On-View,51,Male,Black or African American,Unknown,42.328470022679966,-71.0701000481234
801,ASSAULT - SIMPLE,A1,On-View,33,Female,White,Unknown,42.355216248269386,-71.06012863469122
1810,DRUGS - POSSESSION/ SALE/ MANUFACTURING/ USE,A7,On-View,42,Male,White,Hispanic or Latino,42.379665975354314,-71.03022499754965
301,ROBBERY,A1,On-View,29,Female,White,Unknown,42.35618001845723,-71.06944004957653
1501,WEAPON VIOLATION - CARRY/ POSSESSING/ SALE/ TRAFFICKING/ OTHER,B2,On-View,31,Male,White,Unknown,42.32411100531873,-71.07582900103701
801,ASSAULT - SIMPLE,A1,On-View,26,Male,Black or African American,Unknown,42.353143007070415,-71.06144298692786
1810,DRUGS - POSSESSION/ SALE/ MANUFACTURING/ USE,D4,On-View,17,Female,Black or African American,Not Hispanic or Latino,42.333496016193855,-71.073387954796
1300,STOLEN PROPERTY - BUYING / RECEIVING / POSSESSING,C11,On-View,34,Female,White,Unknown,42.31327921688165,-71.05292093021899
801,ASSAULT - SIMPLE,B2,On-View,34,Male,Black or African American,Unknown,42.328665234282205,-71.0703755299077
613,LARCENY SHOPLIFTING,D4,On-View,58,Male,White,Unknown,42.33401828958511,-71.07638123930862
1501,WEAPON VIOLATION - CARRY/ POSSESSING/ SALE/ TRAFFICKING/ OTHER,B2,On-View,28,Male,Black or African American,Unknown,42.31581501616131,-71.08734704525477
423,ASSAULT - AGGRAVATED,D4,On-View,16,Male,White,Unknown,42.343490956724125,-71.0643519977526
1810,DRUGS - POSSESSION/ SALE/ MANUFACTURING/ USE,B2,On-View,20,Male,Black or African American,Unknown,42.316854555201864,-71.07457616914428
1810,DRUGS - POSSESSION/ SALE/ MANUFACTURING/ USE,External,On-View,22,Male,White,Unknown,42.31822997875207,-71.09094999994325
801,ASSAULT - SIMPLE,A1,On-View,25,Male,Asian,Not Hispanic or Latino,42.35624996765003,-71.06219005054983
301,ROBBERY,B3,On-View,21,Male,Black or African American,Unknown,42.29673351211901,-71.0761864808878
1810,DRUGS - POSSESSION/ SALE/ MANUFACTURING/ USE,C6,On-View,60,Male,Black or African American,Unknown,42.33252400776082,-71.0721390207797
801,ASSAULT - SIMPLE,C6,On-View,31,Male,White,Unknown,42.3378759969905,-71.04651600709391
1810,DRUGS - POSSESSION/ SALE/ MANUFACTURING/ USE,D4,On-View,34,Male,White,Unknown,42.33492995918484,-71.0763699947807
423,ASSAULT - AGGRAVATED,B3,On-View,19,Female,White,Unknown,42.256215920402155,-71.12401947329023
1501,WEAPON VIOLATION - CARRY/ POSSESSING/ SALE/ TRAFFICKING/ OTHER,E5,On-View,25,Male,Black or African American,Unknown,42.31623974816479,-71.06695149828681
801,ASSAULT - SIMPLE,A1,Taken into Custody,31,Female,White,Unknown,42.357686450592524,-71.06075134051291
1501,WEAPON VIOLATION - CARRY/ POSSESSING/ SALE/ TRAFFICKING/ OTHER,E5,On-View,21,Male,White,Unknown,42.291722094307964,-71.11965460242159
1810,DRUGS - POSSESSION/ SALE/ MANUFACTURING/ USE,C6,On-View,42,Male,Black or African American,Hispanic or Latino,42.33252400776082,-71.0721390207797
1810,DRUGS - POSSESSION/ SALE/ MANUFACTURING/ USE,B2,Taken into Custody,43,Female,White,Unknown,42.314477024395686,-71.09138704565484
619,LARCENY ALL OTHERS,A1,On-View,35,Male,Black or African American,Unknown,42.35624996765003,-71.06219005054983
1102,FRAUD - FALSE PRETENSE / SCHEME,A1,On-View,43,Male,White,Unknown,42.35633323663546,-71.05440282341449
1810,DRUGS - POSSESSION/ SALE/ MANUFACTURING/ USE,B2,On-View,55,Male,Black or African American,Unknown,42.33130600406084,-71.07194705097945
801,ASSAULT - SIMPLE,A1,On-View,14,Male,Black or African American,Unknown,42.361838566564714,-71.05976489094158
1001,FORGERY / COUNTERFEITING,A1,On-View,33,Male,Black or African American,Hispanic or Latino,42.36317595813618,-71.05693903481118
3831,M/V - LEAVING SCENE - PROPERTY DAMAGE,B3,Taken into Custody,61,Male,White,Unknown,42.269098509623966,-71.0936145778819
423,ASSAULT - AGGRAVATED,C11,On-View,43,Male,White,Unknown,42.297212969642636,-71.06104499957357
2647,THREATS TO DO BODILY HARM,D4,On-View,38,Male,White,Not Hispanic or Latino,42.350096010535424,-71.07732098429399
801,ASSAULT - SIMPLE,A1,On-View,28,Male,Black or African American,Unknown,42.350661739044675,-71.0660223169682
301,ROBBERY,B2,On-View,47,Female,Black or African American,Unknown,42.314267975506404,-71.09153905340465
301,ROBBERY,D4,On-View,25,Female,Black or African American,Unknown,42.33544997452736,-71.07447003174087
1810,DRUGS - POSSESSION/ SALE/ MANUFACTURING/ USE,D4,Taken into Custody,30,Male,Black or African American,Unknown,42.333951248393774,-71.07538938822692
423,ASSAULT - AGGRAVATED,C6,On-View,14,Female,Black or African American,Unknown,42.33231895523869,-71.0712059846215
1810,DRUGS - POSSESSION/ SALE/ MANUFACTURING/ USE,D4,Taken into Custody,16,Male,Black or African American,Unknown,42.343219992187244,-71.09456003270992
1810,DRUGS - POSSESSION/ SALE/ MANUFACTURING/ USE,D4,On-View,31,Male,White,Unknown,42.33715303343911,-71.07402500675465
423,ASSAULT - AGGRAVATED,A1,Taken into Custody,33,Male,White,Unknown,42.35433998363569,-71.06171301395369
1402,VANDALISM,A1,On-View,55,Male,Black or African American,Unknown,42.36654298921746,-71.05742812132196
1810,DRUGS - POSSESSION/ SALE/ MANUFACTURING/ USE,D4,On-View,19,Male,Black or African American,Hispanic or Latino,42.336979999937846,-71.07631598408616
1810,DRUGS - POSSESSION/ SALE/ MANUFACTURING/ USE,D4,On-View,24,Female,White,Unknown,42.334909956083834,-71.07517004893332
1501,WEAPON VIOLATION - CARRY/ POSSESSING/ SALE/ TRAFFICKING/ OTHER,D4,On-View,39,Male,Black or African American,Unknown,42.33349998017161,-71.07350999617319
2403,DISTURBING THE PEACE/ DISORDERLY CONDUCT/ GATHERING CAUSING ANNOYANCE/ NOISY PAR,B2,On-View,27,Male,White,Unknown,42.36646325495453,-71.06067800956681
801,ASSAULT - SIMPLE,D4,On-View,41,Male,White,Unknown,42.33902200350492,-71.07627998359747
1602,PROSTITUTION - SOLICITING,B2,On-View,59,Male,Black or African American,Unknown,42.31904095915661,-71.07775399146878
1602,PROSTITUTION - SOLICITING,B2,On-View,31,Male,Black or African American,Unknown,42.31904095915661,-71.07775399146878
1501,WEAPON VIOLATION - CARRY/ POSSESSING/ SALE/ TRAFFICKING/ OTHER,B2,On-View,20,Male,White,Unknown,42.31637400801798,-71.08290695630066
801,ASSAULT - SIMPLE,A1,Taken into Custody,34,Male,White,Unknown,42.36127996561001,-71.06374998294558
1810,DRUGS - POSSESSION/ SALE/ MANUFACTURING/ USE,E18,On-View,40,Female,Black or African American,Unknown,42.28747650962309,-71.10695495663543
801,ASSAULT - SIMPLE,D4,On-View,16,Male,Black or African American,Unknown,42.34198295972969,-71.06302199857744
1810,DRUGS - POSSESSION/ SALE/ MANUFACTURING/ USE,A1,On-View,40,Male,Black or African American,Not Hispanic or Latino,42.35647753446067,-71.06142472382297
423,ASSAULT - AGGRAVATED,B2,On-View,22,Male,White,Unknown,42.286087959563694,-71.09093401094886
1810,DRUGS - POSSESSION/ SALE/ MANUFACTURING/ USE,E13,On-View,28,Male,Black or African American,Unknown,42.313586031743725,-71.09798202854029
423,ASSAULT - AGGRAVATED,D4,On-View,28,Male,Black or African American,Unknown,42.333496016193855,-71.073387954796
1810,DRUGS - POSSESSION/ SALE/ MANUFACTURING/ USE,A1,On-View,39,Male,Black or African American,Not Hispanic or Latino,42.355407375169605,-71.06312432552214
1810,DRUGS - POSSESSION/ SALE/ MANUFACTURING/ USE,B3,On-View,20,Male,Black or African American,Unknown,42.274994006680785,-71.07218901724026
1810,DRUGS - POSSESSION/ SALE/ MANUFACTURING/ USE,A1,On-View,24,Male,Black or African American,Unknown,42.34842699032852,-71.06411398994886
301,ROBBERY,C11,On-View,19,Male,White,Unknown,42.285029983261936,-71.05517304116798
1810,DRUGS - POSSESSION/ SALE/ MANUFACTURING/ USE,A1,On-View,19,Male,Black or African American,Unknown,42.356501955762994,-71.06200003967024
1810,DRUGS - POSSESSION/ SALE/ MANUFACTURING/ USE,C6,On-View,27,Male,White,Unknown,42.33252400776082,-71.0721390207797
1810,DRUGS - POSSESSION/ SALE/ MANUFACTURING/ USE,A1,On-View,20,Male,Black or African American,Unknown,42.35670997167868,-71.06021994996486
1810,DRUGS - POSSESSION/ SALE/ MANUFACTURING/ USE,A1,On-View,23,Male,Black or African American,Unknown,42.36074630801781,-71.06366014613627
1300,STOLEN PROPERTY - BUYING / RECEIVING / POSSESSING,C11,On-View,51,Male,White,Unknown,42.30645148272501,-71.07730382339871
1810,DRUGS - POSSESSION/ SALE/ MANUFACTURING/ USE,D4,Taken into Custody,18,Male,White,Unknown,42.334909956083834,-71.07517004893332
1501,WEAPON VIOLATION - CARRY/ POSSESSING/ SALE/ TRAFFICKING/ OTHER,B2,On-View,43,Male,Black or African American,Hispanic or Latino,42.31066595827528,-71.07775999682421
801,ASSAULT - SIMPLE,A1,On-View,26,Male,White,Unknown,42.330156463625116,-71.0629860389594
1501,WEAPON VIOLATION - CARRY/ POSSESSING/ SALE/ TRAFFICKING/ OTHER,B3,On-View,25,Male,Black or African American,Unknown,42.2823189944733,-71.09961405143694
301,ROBBERY,A7,On-View,26,Male,Black or African American,Unknown,42.370143024632824,-71.03891102828021
801,ASSAULT - SIMPLE,A1,Taken into Custody,37,Male,Black or African American,Not Hispanic or Latino,42.36124326869168,-71.06497327027982
1810,DRUGS - POSSESSION/ SALE/ MANUFACTURING/ USE,A1,On-View,19,Male,Black or African American,Unknown,42.35563595382303,-71.06289601257407
1810,DRUGS - POSSESSION/ SALE/ MANUFACTURING/ USE,B3,On-View,27,Male,Black or African American,Unknown,42.298496993683905,-71.08376399104993
1810,DRUGS - POSSESSION/ SALE/ MANUFACTURING/ USE,D4,On-View,19,Female,White,Unknown,42.34285014259629,-71.06516234666387
613,LARCENY SHOPLIFTING,C11,On-View,45,Male,Black or African American,Unknown,42.355123390368036,-71.06087979851635
1810,DRUGS - POSSESSION/ SALE/ MANUFACTURING/ USE,A7,On-View,22,Male,Black or African American,Hispanic or Latino,42.385321978912266,-71.01299899010232
801,ASSAULT - SIMPLE,A1,On-View,24,Female,Unknown,Unknown,42.360369007723634,-71.05672198080326
1810,DRUGS - POSSESSION/ SALE/ MANUFACTURING/ USE,C6,On-View,25,Male,Black or African American,Unknown,42.3331550046963,-71.03328401530715
1810,DRUGS - POSSESSION/ SALE/ MANUFACTURING/ USE,A1,On-View,21,Male,Black or African American,Unknown,42.361838566564714,-71.05976489094158
1810,DRUGS - POSSESSION/ SALE/ MANUFACTURING/ USE,B3,On-View,20,Male,Black or African American,Hispanic or Latino,42.288865350032246,-71.07738439259764
1810,DRUGS - POSSESSION/ SALE/ MANUFACTURING/ USE,B3,On-View,40,Male,White,Unknown,42.268671009792456,-71.09381904199151
1810,DRUGS - POSSESSION/ SALE/ MANUFACTURING/ USE,A1,On-View,53,Female,White,Unknown,42.35624996765003,-71.06219005054983
1810,DRUGS - POSSESSION/ SALE/ MANUFACTURING/ USE,E13,On-View,42,Male,White,Unknown,42.309435020119544,-71.10457001505117
801,ASSAULT - SIMPLE,A1,On-View,34,Female,White,Unknown,42.3643430261743,-71.05987600796638
1810,DRUGS - POSSESSION/ SALE/ MANUFACTURING/ USE,A1,On-View,26,Male,Black or African American,Unknown,42.356501955762994,-71.06200003967024
1810,DRUGS - POSSESSION/ SALE/ MANUFACTURING/ USE,E13,Taken into Custody,35,Male,White,Unknown,42.31501292551643,-71.09756690152177
1501,WEAPON VIOLATION - CARRY/ POSSESSING/ SALE/ TRAFFICKING/ OTHER,C11,On-View,32,Male,Black or African American,Unknown,42.30159797231485,-71.06766796565064
1300,STOLEN PROPERTY - BUYING / RECEIVING / POSSESSING,C11,On-View,24,Male,White,Unknown,42.29967304062781,-71.06511601499348
1102,FRAUD - FALSE PRETENSE / SCHEME,D4,On-View,13,Male,Black or African American,Unknown,42.34942049769115,-71.08315799739897
1810,DRUGS - POSSESSION/ SALE/ MANUFACTURING/ USE,A1,On-View,28,Male,Black or African American,Not Hispanic or Latino,42.35166703879809,-71.0642770069012
801,ASSAULT - SIMPLE,A1,On-View,47,Female,Black or African American,Unknown,42.35626401204158,-71.0622609628789
423,ASSAULT - AGGRAVATED,A1,On-View,32,Male,Black or African American,Unknown,42.31349602138435,-71.07952098034565
1810,DRUGS - POSSESSION/ SALE/ MANUFACTURING/ USE,A1,Taken into Custody,46,Male,Black or African American,Unknown,42.33252400776082,-71.0721390207797
801,ASSAULT - SIMPLE,A1,On-View,30,Female,White,Unknown,42.33700200415136,-71.09714000528234
423,ASSAULT - AGGRAVATED,A1,On-View,36,Male,Black or African American,Unknown,42.33293399891861,-71.09240494335069
801,ASSAULT - SIMPLE,D4,On-View,40,Male,White,Unknown,42.34950001108261,-71.07948002423015
801,ASSAULT - SIMPLE,A1,On-View,31,Male,Black or African American,Unknown,42.356375305463075,-71.06213512963006
801,ASSAULT - SIMPLE,A1,On-View,23,Male,White,Unknown,42.35091003042088,-71.05852996442474
801,ASSAULT - SIMPLE,A1,Taken into Custody,51,Male,Black or African American,Unknown,42.35043296884183,-71.05873157807835
1810,DRUGS - POSSESSION/ SALE/ MANUFACTURING/ USE,A1,On-View,49,Male,White,Hispanic or Latino,42.352373017361835,-71.06260904632752
1810,DRUGS - POSSESSION/ SALE/ MANUFACTURING/ USE,A1,On-View,38,Male,Black or African American,Unknown,42.3530880327173,-71.06253904458899
614,LARCENY THEFT FROM MV - NON-ACCESSORY,D4,On-View,26,Male,White,Unknown,42.34980174544626,-71.07840978002983
1810,DRUGS - POSSESSION/ SALE/ MANUFACTURING/ USE,A1,On-View,22,Male,Black or African American,Unknown,42.364501960645214,-71.0628829417689
613,LARCENY SHOPLIFTING,B3,On-View,33,Male,Black or African American,Not Hispanic or Latino,42.3481315830497,-71.08027001562783
1501,WEAPON VIOLATION - CARRY/ POSSESSING/ SALE/ TRAFFICKING/ OTHER,B3,On-View,25,Male,Black or African American,Unknown,42.295115972230356,-71.08402899008802
1810,DRUGS - POSSESSION/ SALE/ MANUFACTURING/ USE,B3,On-View,20,Male,White,Unknown,42.30339597352949,-71.08428495409163
423,ASSAULT - AGGRAVATED,B2,On-View,36,Male,Black or African American,Not Hispanic or Latino,42.3210416905708,-71.07215290722797
619,LARCENY ALL OTHERS,D14,On-View,37,Female,White,Unknown,42.350540021714295,-71.13106699302176
1810,DRUGS - POSSESSION/ SALE/ MANUFACTURING/ USE,B3,On-View,51,Male,White,Unknown,42.30339999920008,-71.08504997638192
423,ASSAULT - AGGRAVATED,A15,On-View,34,Male,Black or African American,Unknown,42.383537429793975,-71.07191075632804
1810,DRUGS - POSSESSION/ SALE/ MANUFACTURING/ USE,A7,On-View,43,Male,Asian,Not Hispanic or Latino,42.385321978912266,-71.01299899010232
1501,WEAPON VIOLATION - CARRY/ POSSESSING/ SALE/ TRAFFICKING/ OTHER,C11,On-View,30,Male,Black or African American,Not Hispanic or Latino,42.307488000407915,-71.0759529843196
2101,OPERATING UNDER THE INFLUENCE (OUI) ALCOHOL,E5,On-View,23,Male,White,Unknown,42.287526020379495,-71.15229794531894
1810,DRUGS - POSSESSION/ SALE/ MANUFACTURING/ USE,C6,On-View,25,Male,Black or African American,Unknown,42.33252400776082,-71.0721390207797
301,ROBBERY,D4,On-View,46,Male,Black or African American,Unknown,42.350096010535424,-71.07732098429399
423,ASSAULT - AGGRAVATED,D4,On-View,22,Male,Black or African American,Hispanic or Latino,42.33511903946614,-71.07491709613726
801,ASSAULT - SIMPLE,D4,Taken into Custody,53,Male,Black or African American,Unknown,42.334288406594155,-71.07239517543796
1810,DRUGS - POSSESSION/ SALE/ MANUFACTURING/ USE,A7,On-View,29,Male,Black or African American,Unknown,42.374322040476514,-71.03780297030556
1810,DRUGS - POSSESSION/ SALE/ MANUFACTURING/ USE,A7,On-View,54,Male,Black or African American,Hispanic or Latino,42.38084401591762,-71.02501000303873
1810,DRUGS - POSSESSION/ SALE/ MANUFACTURING/ USE,B3,Taken into Custody,38,Male,White,Unknown,42.2845180066199,-71.0872330499765
423,ASSAULT - AGGRAVATED,B2,On-View,16,Male,Black or African American,Unknown,42.33415703987233,-71.10480504762064
1402,VANDALISM,A1,On-View,45,Female,Black or African American,Not Hispanic or Latino,42.3593299565636,-71.05354994316879
801,ASSAULT - SIMPLE,A1,On-View,29,Male,Black or African American,Not Hispanic or Latino,42.36124802362634,-71.06096301160248
1300,STOLEN PROPERTY - BUYING / RECEIVING / POSSESSING,B2,Taken into Custody,37,Male,Black or African American,Hispanic or Latino,42.316575991384475,-71.09015205187445
801,ASSAULT - SIMPLE,D14,On-View,21,Male,White,Unknown,42.35552196551995,-71.1327889953157
1300,STOLEN PROPERTY - BUYING / RECEIVING / POSSESSING,B2,On-View,32,Male,Black or African American,Unknown,42.31790476282511,-71.06706881175673
301,ROBBERY,A1,Taken into Custody,25,Male,Black or African American,Unknown,42.35358129214585,-71.06236664552554
1810,DRUGS - POSSESSION/ SALE/ MANUFACTURING/ USE,A1,On-View,27,Male,Black or African American,Unknown,42.356585003345934,-71.06189504798772
801,ASSAULT - SIMPLE,A1,On-View,25,Male,Black or African American,Unknown,42.35972136485405,-71.05852360114129
801,ASSAULT - SIMPLE,A1,On-View,24,Male,Black or African American,Not Hispanic or Latino,42.35892278751083,-71.0583535444055
423,ASSAULT - AGGRAVATED,A1,On-View,41,Male,Black or African American,Unknown,42.356921104103904,-71.06152940460662
801,ASSAULT - SIMPLE,A1,On-View,18,Female,Black or African American,Unknown,42.352418147286066,-71.06525498581209
1810,DRUGS - POSSESSION/ SALE/ MANUFACTURING/ USE,A1,On-View,19,Male,Black or African American,Unknown,42.36275808126071,-71.05911651988579
801,ASSAULT - SIMPLE,A1,On-View,23,Male,Black or African American,Unknown,42.35674089336639,-71.05794653888623
613,LARCENY SHOPLIFTING,A1,On-View,21,Male,Black or African American,Unknown,42.358977590363246,-71.05702370656526
613,LARCENY SHOPLIFTING,A1,On-View,54,Female,White,Unknown,42.3593409902667,-71.05333099954403
423,ASSAULT - AGGRAVATED,A1,On-View,38,Male,White,Unknown,42.359286996590036,-71.05379101582544
423,ASSAULT - AGGRAVATED,A1,On-View,33,Male,Black or African American,Unknown,42.36410357322303,-71.05179498627747
540,BURGLARY - COMMERICAL,A1,On-View,55,Male,White,Unknown,42.36020463583606,-71.0562081611498
301,ROBBERY,A1,On-View,48,Male,White,Unknown,42.359302334663646,-71.05556915693893
423,ASSAULT - AGGRAVATED,A1,On-View,26,Male,White,Unknown,42.35799189511452,-71.05730964378331
1107,FRAUD - IMPERSONATION,A1,On-View,26,Male,Black or African American,Unknown,42.35952721366211,-71.0535883930941
613,LARCENY SHOPLIFTING,A1,On-View,26,Male,Black or African American,Unknown,42.35648630460298,-71.05928144939367
613,LARCENY SHOPLIFTING,A1,On-View,20,Male,White,Unknown,42.355216248269386,-71.06012863469122
301,ROBBERY,A1,On-View,29,Male,White,Unknown,42.355216248269386,-71.06012863469122
423,ASSAULT - AGGRAVATED,A1,On-View,21,Male,Black or African American,Hispanic or Latino,42.356492958837165,-71.05259106610272
423,ASSAULT - AGGRAVATED,A1,On-View,21,Male,Black or African American,Hispanic or Latino,42.357947912495824,-71.05082219162912
423,ASSAULT - AGGRAVATED,A1,On-View,40,Female,White,Unknown,42.34997256219053,-71.06348816860363
520,BURGLARY - RESIDENTIAL,A1,On-View,33,Female,Black or African American,Unknown,42.351234233031505,-71.06213842399693
613,LARCENY SHOPLIFTING,A1,On-View,30,Male,White,Unknown,42.355123390368036,-71.06087979851635
1001,FORGERY / COUNTERFEITING,A1,On-View,29,Male,Unknown,Unknown,42.3532756075195,-71.06345772204415
423,ASSAULT - AGGRAVATED,A1,On-View,18,Male,Black or African American,Unknown,42.35142278267794,-71.0608450799525
301,ROBBERY,A1,On-View,19,Male,Black or African American,Hispanic or Latino,42.355407375169605,-71.06312432552214
423,ASSAULT - AGGRAVATED,A1,On-View,48,Male,White,Unknown,42.352072379909714,-71.05975342200742
1810,DRUGS - POSSESSION/ SALE/ MANUFACTURING/ USE,A1,On-View,44,Male,Black or African American,Unknown,42.355407375169605,-71.06312432552214
1810,DRUGS - POSSESSION/ SALE/ MANUFACTURING/ USE,A1,On-View,24,Female,Black or African American,Unknown,42.355407375169605,-71.06312432552214
1810,DRUGS - POSSESSION/ SALE/ MANUFACTURING/ USE,A1,On-View,18,Male,White,Unknown,42.35521428732261,-71.06206350909659
613,LARCENY SHOPLIFTING,A1,On-View,23,Male,White,Unknown,42.355123390368036,-71.06087979851635
613,LARCENY SHOPLIFTING,C11,On-View,34,Male,White,Unknown,42.355123390368036,-71.06087979851635
801,ASSAULT - SIMPLE,A1,On-View,33,Male,Black or African American,Unknown,42.35218277629835,-71.055678802816
423,ASSAULT - AGGRAVATED,A1,On-View,22,Male,White,Unknown,42.35370584469061,-71.05898586899663
801,ASSAULT - SIMPLE,A1,On-View,37,Male,White,Unknown,42.34997839699486,-71.05683752420933
801,ASSAULT - SIMPLE,A1,On-View,30,Male,White,Unknown,42.35043296884183,-71.05873157807835
613,LARCENY SHOPLIFTING,A1,On-View,53,Female,White,Unknown,42.355123390368036,-71.06087979851635
801,ASSAULT - SIMPLE,A1,On-View,40,Male,White,Unknown,42.35456406220822,-71.06147417777582
801,ASSAULT - SIMPLE,A1,On-View,20,Male,Black or African American,Unknown,42.36463708313077,-71.05308448372533
614,LARCENY THEFT FROM MV - NON-ACCESSORY,A1,On-View,41,Male,Black or African American,Unknown,42.36275239684634,-71.05556460633578
1810,DRUGS - POSSESSION/ SALE/ MANUFACTURING/ USE,A1,On-View,41,Male,White,Unknown,42.35563595382303,-71.06289601257407
801,ASSAULT - SIMPLE,A1,On-View,53,Female,White,Unknown,42.36423840160728,-71.06165515011014
613,LARCENY SHOPLIFTING,A1,On-View,31,Male,Black or African American,Unknown,42.360644695548025,-71.07086192011141
423,ASSAULT - AGGRAVATED,A1,On-View,30,Female,Black or African American,Unknown,42.365374796420454,-71.06154161481645
801,ASSAULT - SIMPLE,A1,On-View,33,Male,White,Unknown,42.3626074984039,-71.06132725274803
423,ASSAULT - AGGRAVATED,A1,Taken into Custody,54,Male,Black or African American,Not Hispanic or Latino,42.36761590614277,-71.06601360242783
1300,STOLEN PROPERTY - BUYING / RECEIVING / POSSESSING,A1,On-View,37,Female,Black or African American,Unknown,42.363945088607956,-71.05942841351614
520,BURGLARY - RESIDENTIAL,A1,On-View,27,Male,White,Unknown,42.35827471343007,-71.07057867050449
616,LARCENY THEFT OF BICYCLE,A1,Taken into Custody,42,Male,White,Unknown,42.36116015143743,-71.07001525913154
801,ASSAULT - SIMPLE,A1,On-View,20,Female,White,Unknown,42.362167708902106,-71.06827020408886
111,"MURDER, NON-NEGLIGIENT MANSLAUGHTER",A1,On-View,44,Male,White,Unknown,42.364895270027304,-71.06050249015775
1106,FRAUD - CREDIT CARD / ATM FRAUD,A1,On-View,18,Female,Black or African American,Unknown,42.36169720241245,-71.06685877879289
801,ASSAULT - SIMPLE,A1,On-View,28,Male,White,Unknown,42.36552998463411,-71.06120001005544
801,ASSAULT - SIMPLE,A1,On-View,43,Male,White,Unknown,42.364966632725384,-71.06157973765418
801,ASSAULT - SIMPLE,A1,On-View,50,Male,Black or African American,Unknown,42.36423840160728,-71.06165515011014
613,LARCENY SHOPLIFTING,A1,On-View,42,Female,White,Hispanic or Latino,42.36113122629886,-71.06484333743568
801,ASSAULT - SIMPLE,A1,Taken into Custody,39,Female,White,Unknown,42.365374796420454,-71.06154161481645
423,ASSAULT - AGGRAVATED,D4,On-View,24,Male,Black or African American,Unknown,42.346764628542196,-71.08747789104905
1810,DRUGS - POSSESSION/ SALE/ MANUFACTURING/ USE,B2,On-View,36,Female,White,Unknown,42.33332887521637,-71.10659533965244
613,LARCENY SHOPLIFTING,D4,On-View,21,Male,Black or African American,Hispanic or Latino,42.34840576247316,-71.08688338740227
540,BURGLARY - COMMERICAL,D4,On-View,50,Male,White,Unknown,42.35038759600337,-71.08785290063189
801,ASSAULT - SIMPLE,E13,On-View,27,Male,Asian,Unknown,42.31631666104053,-71.10297210108513
423,ASSAULT - AGGRAVATED,D4,On-View,28,Male,White,Unknown,42.34980174544626,-71.07840978002983
1501,WEAPON VIOLATION - CARRY/ POSSESSING/ SALE/ TRAFFICKING/ OTHER,D4,On-View,24,Male,White,Unknown,42.34762276726666,-71.0760673490331
1810,DRUGS - POSSESSION/ SALE/ MANUFACTURING/ USE,A1,On-View,31,Female,Black or African American,Unknown,42.361838566564714,-71.05976489094158
801,ASSAULT - SIMPLE,A1,On-View,39,Male,White,Unknown,42.350661739044675,-71.0660223169682
613,LARCENY SHOPLIFTING,A1,On-View,34,Male,White,Unknown,42.35272947428534,-71.06256290848422
520,BURGLARY - RESIDENTIAL,D4,On-View,62,Male,Black or African American,Unknown,42.34451294296881,-71.08049717035647
613,LARCENY SHOPLIFTING,A1,On-View,37,Male,White,Unknown,42.35272947428534,-71.06256290848422
801,ASSAULT - SIMPLE,D4,On-View,27,Male,Black or African American,Not Hispanic or Latino,42.344539112231274,-71.07358770006816
801,ASSAULT - SIMPLE,D4,On-View,62,Female,White,Unknown,42.34980174544626,-71.07840978002983
423,ASSAULT - AGGRAVATED,A1,On-View,28,Male,White,Unknown,42.34997256219053,-71.06348816860363
613,LARCENY SHOPLIFTING,D4,On-View,29,Male,White,Unknown,42.34646505018861,-71.07070435577359
301,ROBBERY,A1,On-View,41,Male,White,Unknown,42.35272947428534,-71.06256290848422
617,LARCENY THEFT FROM BUILDING,A1,On-View,26,Male,Black or African American,Not Hispanic or Latino,42.35143482577503,-71.06969334275597
613,LARCENY SHOPLIFTING,D4,On-View,65,Male,White,Unknown,42.348009776611875,-71.07669759984445
1810,DRUGS - POSSESSION/ SALE/ MANUFACTURING/ USE,A1,On-View,24,Male,Black or African American,Unknown,42.361838566564714,-71.05976489094158
801,ASSAULT - SIMPLE,D4,On-View,28,Male,Asian,Unknown,42.344109047205244,-71.07517689326701
801,ASSAULT - SIMPLE,D4,On-View,56,Male,Unknown,Unknown,42.34980174544626,-71.07840978002983
1810,DRUGS - POSSESSION/ SALE/ MANUFACTURING/ USE,A1,On-View,29,Male,White,Unknown,42.35231189676638,-71.06370510095782
1402,VANDALISM,D4,On-View,36,Male,Black or African American,Unknown,42.34451294296881,-71.08049717035647
614,LARCENY THEFT FROM MV - NON-ACCESSORY,D4,On-View,24,Male,Black or African American,Unknown,42.34797239824585,-71.07849581587274
423,ASSAULT - AGGRAVATED,A1,On-View,57,Male,Black or African American,Unknown,42.348276975733555,-71.07038932399338
1810,DRUGS - POSSESSION/ SALE/ MANUFACTURING/ USE,A1,On-View,57,Male,Black or African American,Unknown,42.35103104592933,-71.06373331020067
801,ASSAULT - SIMPLE,D4,On-View,30,Male,Black or African American,Unknown,42.350378699776456,-71.07626098382806
423,ASSAULT - AGGRAVATED,D4,On-View,25,Male,Black or African American,Unknown,42.33455373593907,-71.07560801275244
301,ROBBERY,D4,On-View,35,Female,White,Unknown,42.33649699776782,-71.07601601658193
801,ASSAULT - SIMPLE,D4,Taken into Custody,39,Male,White,Hispanic or Latino,42.33311189030741,-71.07276369932725
423,ASSAULT - AGGRAVATED,D4,On-View,46,Male,Black or African American,Unknown,42.33893528651834,-71.07016501988292
1810,DRUGS - POSSESSION/ SALE/ MANUFACTURING/ USE,D4,On-View,31,Male,Black or African American,Not Hispanic or Latino,42.33401828958511,-71.07638123930862
613,LARCENY SHOPLIFTING,D4,On-View,25,Female,Asian,Unknown,42.33816386524174,-71.0746121662475
613,LARCENY SHOPLIFTING,D4,On-View,51,Male,White,Unknown,42.33401828958511,-71.07638123930862
801,ASSAULT - SIMPLE,D4,On-View,39,Male,White,Unknown,42.337441144368036,-71.08057671027895
423,ASSAULT - AGGRAVATED,D4,On-View,47,Female,Black or African American,Unknown,42.34186764975369,-71.07272214723805
520,BURGLARY - RESIDENTIAL,D4,On-View,31,Male,Black or African American,Not Hispanic or Latino,42.335966982440084,-71.0738540068018
801,ASSAULT - SIMPLE,D4,On-View,33,Male,White,Not Hispanic or Latino,42.34255919133471,-71.06270823776892
423,ASSAULT - AGGRAVATED,D4,On-View,46,Male,White,Unknown,42.344915804680475,-71.06169938200543
423,ASSAULT - AGGRAVATED,D4,On-View,57,Male,White,Unknown,42.34107004803603,-71.082552871798
301,ROBBERY,D4,On-View,50,Male,Black or African American,Unknown,42.34334672152103,-71.0664314161937
614,LARCENY THEFT FROM MV - NON-ACCESSORY,D4,On-View,19,Female,Black or African American,Unknown,42.3382557219581,-71.07920917599449
1810,DRUGS - POSSESSION/ SALE/ MANUFACTURING/ USE,C6,On-View,26,Male,Black or African American,Unknown,42.332108429494895,-71.07014394813551
619,LARCENY ALL OTHERS,D4,Taken into Custody,22,Male,White,Unknown,42.33763461241633,-71.07013023972213
423,ASSAULT - AGGRAVATED,D4,On-View,40,Female,White,Unknown,42.34329794595815,-71.06458096424923
1810,DRUGS - POSSESSION/ SALE/ MANUFACTURING/ USE,D4,On-View,37,Male,White,Unknown,42.33311189030741,-71.07276369932725
423,ASSAULT - AGGRAVATED,D4,Taken into Custody,51,Male,White,Unknown,42.334288406594155,-71.07239517543796
540,BURGLARY - COMMERICAL,D4,On-View,30,Male,White,Not Hispanic or Latino,42.341767355628505,-71.06655238025242
801,ASSAULT - SIMPLE,D4,Taken into Custody,49,Male,Black or African American,Unknown,42.34329794595815,-71.06458096424923
724,AUTO THEFT,D4,On-View,17,Male,Black or African American,Not Hispanic or Latino,42.33311189030741,-71.07276369932725
801,ASSAULT - SIMPLE,B2,On-View,38,Female,Black or African American,Unknown,42.33511903946614,-71.07491709613726
1810,DRUGS - POSSESSION/ SALE/ MANUFACTURING/ USE,D4,On-View,34,Male,White,Hispanic or Latino,42.334288406594155,-71.07239517543796
801,ASSAULT - SIMPLE,B2,On-View,20,Male,Black or African American,Unknown,42.33511903946614,-71.07491709613726
801,ASSAULT - SIMPLE,B2,Taken into Custody,53,Male,Black or African American,Unknown,42.324672258779266,-71.08922357608378
2662,BALLISTICS EVIDENCE/FOUND,B2,On-View,60,Male,White,Unknown,42.31917110314452,-71.09192414516498
301,ROBBERY,B2,On-View,52,Male,Black or African American,Unknown,42.33094751774542,-71.08285103905484
1810,DRUGS - POSSESSION/ SALE/ MANUFACTURING/ USE,B2,On-View,21,Female,Black or African American,Unknown,42.329024688954846,-71.08341504753118
801,ASSAULT - SIMPLE,D4,On-View,50,Male,Black or African American,Hispanic or Latino,42.33246399295361,-71.07874760292749
540,BURGLARY - COMMERICAL,B2,Taken into Custody,23,Male,White,Unknown,42.32872588572028,-71.08382216968015
1810,DRUGS - POSSESSION/ SALE/ MANUFACTURING/ USE,B2,On-View,45,Female,Black or African American,Not Hispanic or Latino,42.32849702047383,-71.08089694035428
1501,WEAPON VIOLATION - CARRY/ POSSESSING/ SALE/ TRAFFICKING/ OTHER,B2,On-View,30,Female,White,Unknown,42.325315101834306,-71.08313582404215
801,ASSAULT - SIMPLE,B2,On-View,43,Male,White,Not Hispanic or Latino,42.3230051439498,-71.08081695512372
801,ASSAULT - SIMPLE,B2,On-View,28,Male,Black or African American,Unknown,42.32203839786156,-71.07140396187495
801,ASSAULT - SIMPLE,B2,On-View,45,Male,Black or African American,Unknown,42.324203220067794,-71.07279043613084
520,BURGLARY - RESIDENTIAL,B2,Taken into Custody,21,Male,Black or African American,Unknown,42.32362957982078,-71.0686776091468
1810,DRUGS - POSSESSION/ SALE/ MANUFACTURING/ USE,C6,Taken into Custody,27,Male,Black or African American,Unknown,42.33207615840789,-71.07145394322156
1501,WEAPON VIOLATION - CARRY/ POSSESSING/ SALE/ TRAFFICKING/ OTHER,B2,On-View,33,Male,Black or African American,Unknown,42.32326640493316,-71.09841607448385
1810,DRUGS - POSSESSION/ SALE/ MANUFACTURING/ USE,B2,On-View,36,Male,White,Unknown,42.32866283555608,-71.08563401183545
423,ASSAULT - AGGRAVATED,E13,On-View,20,Male,Black or African American,Unknown,42.3128605985453,-71.09572779926056
111,"MURDER, NON-NEGLIGIENT MANSLAUGHTER",B2,On-View,28,Male,Black or African American,Unknown,42.31558612644294,-71.0939936090046
1300,STOLEN PROPERTY - BUYING / RECEIVING / POSSESSING,B2,On-View,48,Male,Black or African American,Unknown,42.319854434786805,-71.07972518175252
1810,DRUGS - POSSESSION/ SALE/ MANUFACTURING/ USE,B2,On-View,49,Male,Black or African American,Unknown,42.334288406594155,-71.07239517543796
801,ASSAULT - SIMPLE,B2,On-View,63,Female,Black or African American,Unknown,42.33094751774542,-71.08285103905484
1300,STOLEN PROPERTY - BUYING / RECEIVING / POSSESSING,B2,On-View,25,Male,Black or African American,Unknown,42.32587658482142,-71.07024946654607
423,ASSAULT - AGGRAVATED,B2,On-View,43,Male,Black or African American,Unknown,42.32950968807199,-71.08960850442585
1501,WEAPON VIOLATION - CARRY/ POSSESSING/ SALE/ TRAFFICKING/ OTHER,B2,On-View,25,Male,Black or African American,Unknown,42.322216452588734,-71.08206722729449
641,BREAKING AND ENTERING (B&E) MOTOR VEHICLE,B2,On-View,25,Male,Black or African American,Unknown,42.33380237768219,-71.08880867211724
801,ASSAULT - SIMPLE,B2,On-View,35,Male,White,Unknown,42.33638389017787,-71.09869457237673
1402,VANDALISM,B2,On-View,47,Male,Black or African American,Hispanic or Latino,42.334502847983835,-71.10368019610496
2647,THREATS TO DO BODILY HARM,B2,Taken into Custody,64,Male,Black or African American,Unknown,42.334502847983835,-71.10368019610496
1402,VANDALISM,B2,Taken into Custody,26,Male,Black or African American,Unknown,42.33174861485478,-71.09694067798385
423,ASSAULT - AGGRAVATED,B2,Taken into Custody,50,Male,White,Unknown,42.33164158710258,-71.10760788705863
1501,WEAPON VIOLATION - CARRY/ POSSESSING/ SALE/ TRAFFICKING/ OTHER,B2,On-View,22,Male,Black or African American,Not Hispanic or Latino,42.33467050093237,-71.08893400166374
3119,FIREARM/WEAPON - FOUND OR CONFISCATED,B2,Taken into Custody,39,Male,Black or African American,Unknown,42.333639252214326,-71.10589316955655
1501,WEAPON VIOLATION - CARRY/ POSSESSING/ SALE/ TRAFFICKING/ OTHER,B2,On-View,19,Female,Black or African American,Unknown,42.33465694360193,-71.09708333142086
1501,WEAPON VIOLATION - CARRY/ POSSESSING/ SALE/ TRAFFICKING/ OTHER,B2,On-View,40,Male,Black or African American,Unknown,42.302453906711115,-71.0804470895425
1810,DRUGS - POSSESSION/ SALE/ MANUFACTURING/ USE,B3,Taken into Custody,25,Male,Black or African American,Unknown,42.301974199931514,-71.08383388128998
423,ASSAULT - AGGRAVATED,C11,On-View,34,Male,White,Unknown,42.30090968808207,-71.07425843202
801,ASSAULT - SIMPLE,C11,On-View,38,Male,Black or African American,Unknown,42.30447610517032,-71.06999552609405
619,LARCENY ALL OTHERS,C11,On-View,21,Male,Black or African American,Unknown,42.29755532959655,-71.05970910242573
2647,THREATS TO DO BODILY HARM,C11,On-View,30,Male,Black or African American,Unknown,42.305210909983025,-71.07930129527567
423,ASSAULT - AGGRAVATED,B3,On-View,13,Female,Black or African American,Unknown,42.29746606065057,-71.08274309514798
1501,WEAPON VIOLATION - CARRY/ POSSESSING/ SALE/ TRAFFICKING/ OTHER,C11,On-View,33,Male,Black or African American,Hispanic or Latino,42.30724276064387,-71.07558677313347
1501,WEAPON VIOLATION - CARRY/ POSSESSING/ SALE/ TRAFFICKING/ OTHER,B3,On-View,23,Male,Black or African American,Unknown,42.29939553240145,-71.0830016761462
619,LARCENY ALL OTHERS,B2,On-View,26,Male,Black or African American,Unknown,42.30591850435545,-71.07956586362388
1810,DRUGS - POSSESSION/ SALE/ MANUFACTURING/ USE,B3,On-View,29,Male,Black or African American,Unknown,42.30084929096079,-71.08522128087432
801,ASSAULT - SIMPLE,B2,On-View,60,Female,Black or African American,Unknown,42.31255111872265,-71.0802128716211
1810,DRUGS - POSSESSION/ SALE/ MANUFACTURING/ USE,B2,On-View,49,Female,Black or African American,Unknown,42.308701316486136,-71.07932754906882
1300,STOLEN PROPERTY - BUYING / RECEIVING / POSSESSING,B2,Taken into Custody,19,Male,Black or African American,Unknown,42.31192788885458,-71.07762962548449
1810,DRUGS - POSSESSION/ SALE/ MANUFACTURING/ USE,B2,On-View,46,Male,Black or African American,Unknown,42.31254969714649,-71.08757080659649
1300,STOLEN PROPERTY - BUYING / RECEIVING / POSSESSING,B2,Taken into Custody,33,Male,Black or African American,Unknown,42.316321305820594,-71.08923049704752
1501,WEAPON VIOLATION - CARRY/ POSSESSING/ SALE/ TRAFFICKING/ OTHER,B3,On-View,43,Male,Black or African American,Unknown,42.29977869564501,-71.06252889454329
1501,WEAPON VIOLATION - CARRY/ POSSESSING/ SALE/ TRAFFICKING/ OTHER,E13,On-View,40,Male,Black or African American,Unknown,42.29487474366853,-71.05742148001201
1402,VANDALISM,C11,On-View,30,Male,Black or African American,Unknown,42.29768953838805,-71.06090954029862
1501,WEAPON VIOLATION - CARRY/ POSSESSING/ SALE/ TRAFFICKING/ OTHER,C11,On-View,48,Male,Black or African American,Unknown,42.31922045072317,-71.06783905946105
423,ASSAULT - AGGRAVATED,C11,On-View,34,Male,White,Unknown,42.30573976863983,-71.06762361757636
1810,DRUGS - POSSESSION/ SALE/ MANUFACTURING/ USE,C11,On-View,30,Male,Black or African American,Hispanic or Latino,42.29430844137291,-71.06188627807245
1810,DRUGS - POSSESSION/ SALE/ MANUFACTURING/ USE,A1,On-View,35,Male,Black or African American,Unknown,42.35571984773325,-71.06110870603275
617,LARCENY THEFT FROM BUILDING,C11,On-View,32,Male,Black or African American,Unknown,42.29755532959655,-71.05970910242573
1501,WEAPON VIOLATION - CARRY/ POSSESSING/ SALE/ TRAFFICKING/ OTHER,C11,On-View,56,Male,Black or African American,Unknown,42.30209442501829,-71.06575183262441
423,ASSAULT - AGGRAVATED,C11,On-View,26,Male,Black or African American,Hispanic or Latino,42.30658785805976,-71.06207254675292
1810,DRUGS - POSSESSION/ SALE/ MANUFACTURING/ USE,C11,On-View,28,Male,Black or African American,Unknown,42.30540714800679,-71.06547135152914
301,ROBBERY,C11,On-View,23,Male,Black or African American,Unknown,42.30522240264879,-71.06749448637075
2647,THREATS TO DO BODILY HARM,C11,On-View,36,Male,Black or African American,Unknown,42.288612037062094,-71.06564594444205
520,BURGLARY - RESIDENTIAL,C11,On-View,31,Male,Black or African American,Unknown,42.30923300021321,-71.0595359994509
520,BURGLARY - RESIDENTIAL,C11,On-View,15,Female,Black or African American,Hispanic or Latino,42.30470399216786,-71.05908258402557
520,BURGLARY - RESIDENTIAL,B3,On-View,47,Male,White,Unknown,42.284062201754466,-71.08170838797426
613,LARCENY SHOPLIFTING,B3,On-View,20,Male,Black or African American,Unknown,42.29453954303396,-71.08669889996908
801,ASSAULT - SIMPLE,B3,On-View,38,Male,Black or African American,Unknown,42.28187557863393,-71.08550537672407
1810,DRUGS - POSSESSION/ SALE/ MANUFACTURING/ USE,B3,On-View,40,Male,Black or African American,Unknown,42.28363433668834,-71.08281320046791
423,ASSAULT - AGGRAVATED,B3,On-View,49,Male,White,Unknown,42.283132304219535,-71.08721870474653
301,ROBBERY,B3,On-View,28,Male,Black or African American,Unknown,42.29435406752485,-71.07306715051777
423,ASSAULT - AGGRAVATED,C11,On-View,34,Male,Black or African American,Unknown,42.29202522834237,-71.06321541185541
801,ASSAULT - SIMPLE,B2,On-View,32,Male,Black or African American,Unknown,42.287148203950444,-71.06493039372496
1402,VANDALISM,C11,Taken into Custody,63,Male,Black or African American,Unknown,42.28657333681241,-71.06408373963264
613,LARCENY SHOPLIFTING,C11,On-View,36,Male,Black or African American,Unknown,42.29131612789713,-71.07170292796064
1810,DRUGS - POSSESSION/ SALE/ MANUFACTURING/ USE,B3,On-View,20,Female,Black or African American,Unknown,42.291255860122845,-71.07475091946907
619,LARCENY ALL OTHERS,C11,On-View,39,Female,White,Unknown,42.2843981982829,-71.06468373288614
1810,DRUGS - POSSESSION/ SALE/ MANUFACTURING/ USE,C11,On-View,29,Male,Black or African American,Unknown,42.28981696413122,-71.06760634114863
1402,VANDALISM,B3,On-View,33,Male,White,Unknown,42.29542942440426,-71.07661171820321
1501,WEAPON VIOLATION - CARRY/ POSSESSING/ SALE/ TRAFFICKING/ OTHER,B3,On-View,35,Male,Asian,Unknown,42.294773214108304,-71.08038431728724
1102,FRAUD - FALSE PRETENSE / SCHEME,C11,On-View,18,Female,Black or African American,Unknown,42.2843981982829,-71.06468373288614
801,ASSAULT - SIMPLE,B3,On-View,33,Female,White,Unknown,42.2905614222734,-71.08926027964193
1402,VANDALISM,C6,On-View,21,Male,Black or African American,Unknown,42.32696647136389,-71.06198606584843
423,ASSAULT - AGGRAVATED,C11,On-View,47,Male,Asian,Unknown,42.312906478055716,-71.057623249762
1402,VANDALISM,B2,On-View,46,Female,Black or African American,Unknown,42.31709355046751,-71.07802976841748
613,LARCENY SHOPLIFTING,C6,On-View,20,Female,Black or African American,Unknown,42.32696647136389,-71.06198606584843
1810,DRUGS - POSSESSION/ SALE/ MANUFACTURING/ USE,C6,Taken into Custody,49,Male,White,Unknown,42.32809966041151,-71.06321676048991
423,ASSAULT - AGGRAVATED,B2,On-View,16,Male,Black or African American,Not Hispanic or Latino,42.318826552327735,-71.06605368081075
423,ASSAULT - AGGRAVATED,B2,On-View,15,Male,Black or African American,Not Hispanic or Latino,42.3183879120334,-71.07686287602016
613,LARCENY SHOPLIFTING,C6,On-View,39,Male,Black or African American,Unknown,42.32696647136389,-71.06198606584843
423,ASSAULT - AGGRAVATED,B2,On-View,39,Female,Black or African American,Unknown,42.318911489831606,-71.0673185274077
615,LARCENY THEFT OF MV PARTS & ACCESSORIES,C11,On-View,35,Male,White,Unknown,42.30888597715991,-71.06923089764558
613,LARCENY SHOPLIFTING,C6,On-View,26,Male,Black or African American,Unknown,42.32696647136389,-71.06198606584843
520,BURGLARY - RESIDENTIAL,C11,On-View,63,Male,Black or African American,Unknown,42.3189412460306,-71.05483548999058
801,ASSAULT - SIMPLE,B2,On-View,34,Male,Black or African American,Unknown,42.316102412583874,-71.07756198793237
423,ASSAULT - AGGRAVATED,B3,Taken into Custody,40,Male,Black or African American,Unknown,42.2717076528618,-71.10622978555178
1300,STOLEN PROPERTY - BUYING / RECEIVING / POSSESSING,B3,On-View,44,Male,White,Unknown,42.27854699578345,-71.09325998318566
1501,WEAPON VIOLATION - CARRY/ POSSESSING/ SALE/ TRAFFICKING/ OTHER,B3,On-View,44,Male,Black or African American,Unknown,42.278559838055365,-71.09199697424748
301,ROBBERY,B3,On-View,23,Female,White,Unknown,42.2796829924884,-71.09286048302566
613,LARCENY SHOPLIFTING,B3,On-View,43,Female,Black or African American,Unknown,42.27130225372019,-71.07442361965835
613,LARCENY SHOPLIFTING,B3,On-View,26,Female,White,Unknown,42.28187060713829,-71.08751151911808
614,LARCENY THEFT FROM MV - NON-ACCESSORY,B3,On-View,42,Male,Black or African American,Hispanic or Latino,42.27796370032287,-71.09246318185207
423,ASSAULT - AGGRAVATED,B3,On-View,34,Male,Black or African American,Unknown,42.27141481952341,-71.08014338104022
423,ASSAULT - AGGRAVATED,B3,On-View,14,Male,Black or African American,Unknown,42.2715394755622,-71.0792961943288
423,ASSAULT - AGGRAVATED,B3,On-View,15,Male,White,Unknown,42.281841127773696,-71.0987170887407
423,ASSAULT - AGGRAVATED,C6,On-View,34,Male,Black or African American,Unknown,42.33069204688603,-71.05826063771673
1810,DRUGS - POSSESSION/ SALE/ MANUFACTURING/ USE,C6,On-View,46,Male,Black or African American,Unknown,42.32974299799747,-71.0582630187471
423,ASSAULT - AGGRAVATED,A15,On-View,65,Male,White,Unknown,42.33561660540492,-71.03641894488216
614,LARCENY THEFT FROM MV - NON-ACCESSORY,C6,On-View,39,Male,Black or African American,Unknown,42.32474570827045,-71.05553501937871
1810,DRUGS - POSSESSION/ SALE/ MANUFACTURING/ USE,C6,On-View,38,Male,Black or African American,Unknown,42.34234192786415,-71.05633275534915
1810,DRUGS - POSSESSION/ SALE/ MANUFACTURING/ USE,C6,On-View,49,Male,Black or African American,Unknown,42.33063706982943,-71.04902664226015
1501,WEAPON VIOLATION - CARRY/ POSSESSING/ SALE/ TRAFFICKING/ OTHER,C6,On-View,29,Male,Black or African American,Unknown,42.33686601568848,-71.0531299649456
1810,DRUGS - POSSESSION/ SALE/ MANUFACTURING/ USE,A7,On-View,29,Male,Unknown,Unknown,42.389153972969815,-71.01062505620476
423,ASSAULT - AGGRAVATED,A7,On-View,36,Male,Black or African American,Unknown,42.373827551621346,-71.04052458543525
423,ASSAULT - AGGRAVATED,A7,On-View,35,Female,Black or African American,Unknown,42.39274001533235,-71.00479067144424
1300,STOLEN PROPERTY - BUYING / RECEIVING / POSSESSING,A7,On-View,22,Male,White,Unknown,42.37950444013033,-71.02857704984493
520,BURGLARY - RESIDENTIAL,A7,On-View,52,Male,Black or African American,Unknown,42.36809770239406,-71.03606404168553
1810,DRUGS - POSSESSION/ SALE/ MANUFACTURING/ USE,A7,On-View,25,Male,Black or African American,Unknown,42.38817032562882,-71.00939543661947
423,ASSAULT - AGGRAVATED,A7,On-View,40,Male,White,Unknown,42.36856801861524,-71.04121708085367
1810,DRUGS - POSSESSION/ SALE/ MANUFACTURING/ USE,A7,On-View,62,Male,Black or African American,Unknown,42.37024879722481,-71.03838001668821
613,LARCENY SHOPLIFTING,A7,On-View,13,Male,Black or African American,Unknown,42.373827551621346,-71.04052458543525
613,LARCENY SHOPLIFTING,A7,On-View,14,Male,Black or African American,Unknown,42.373827551621346,-71.04052458543525
1810,DRUGS - POSSESSION/ SALE/ MANUFACTURING/ USE,A7,On-View,24,Female,Black or African American,Not Hispanic or Latino,42.381636132888396,-71.01774926888022
614,LARCENY THEFT FROM MV - NON-ACCESSORY,A15,On-View,44,Male,White,Unknown,42.37371103607659,-71.05834105912217
1810,DRUGS - POSSESSION/ SALE/ MANUFACTURING/ USE,A15,On-View,48,Male,White,Unknown,42.32734995807684,-71.0830984987183
801,ASSAULT - SIMPLE,A15,On-View,21,Male,Black or African American,Unknown,42.37736388420166,-71.05791376034846
423,ASSAULT - AGGRAVATED,A15,On-View,16,Female,Black or African American,Unknown,42.374794506784056,-71.06600871043159
801,ASSAULT - SIMPLE,A15,On-View,35,Male,White,Unknown,42.37685199487684,-71.06887254497263
423,ASSAULT - AGGRAVATED,A15,On-View,15,Male,White,Hispanic or Latino,42.378053450452754,-71.06676654840875
1402,VANDALISM,A15,On-View,16,Male,Black or African American,Hispanic or Latino,42.37749763589496,-71.0503121945217
423,ASSAULT - AGGRAVATED,E13,On-View,22,Male,Asian,Unknown,42.30055517439443,-71.11312438635161
1810,DRUGS - POSSESSION/ SALE/ MANUFACTURING/ USE,E13,On-View,46,Male,White,Unknown,42.32078596374089,-71.09316896436471
1810,DRUGS - POSSESSION/ SALE/ MANUFACTURING/ USE,E13,Taken into Custody,27,Male,White,Unknown,42.35234140419862,-71.06296987361101
423,ASSAULT - AGGRAVATED,C11,On-View,52,Male,White,Unknown,42.32283758702995,-71.10096722512631
1810,DRUGS - POSSESSION/ SALE/ MANUFACTURING/ USE,D14,On-View,26,Male,White,Unknown,42.35234140419862,-71.06296987361101
1810,DRUGS - POSSESSION/ SALE/ MANUFACTURING/ USE,A1,On-View,36,Male,White,Hispanic or Latino,42.35234140419862,-71.06296987361101
1810,DRUGS - POSSESSION/ SALE/ MANUFACTURING/ USE,A1,On-View,36,Male,White,Unknown,42.35234140419862,-71.06296987361101
1810,DRUGS - POSSESSION/ SALE/ MANUFACTURING/ USE,E13,On-View,34,Female,White,Hispanic or Latino,42.316941885719956,-71.1039455810991
2647,THREATS TO DO BODILY HARM,E13,On-View,52,Male,White,Unknown,42.316748109473124,-71.11356249137687
1810,DRUGS - POSSESSION/ SALE/ MANUFACTURING/ USE,E13,On-View,33,Male,White,Unknown,42.310609671465315,-71.10733333449456
423,ASSAULT - AGGRAVATED,E18,On-View,21,Male,White,Unknown,42.285347435538824,-71.11047632952616
1810,DRUGS - POSSESSION/ SALE/ MANUFACTURING/ USE,E18,On-View,28,Female,White,Unknown,42.28747650962309,-71.10695495663543
1810,DRUGS - POSSESSION/ SALE/ MANUFACTURING/ USE,E18,On-View,21,Male,Black or African American,Not Hispanic or Latino,42.28747650962309,-71.10695495663543
2647,THREATS TO DO BODILY HARM,E5,On-View,36,Male,Black or African American,Unknown,42.28175144023569,-71.127081829909
1102,FRAUD - FALSE PRETENSE / SCHEME,E5,On-View,32,Male,White,Unknown,42.28636892477974,-71.13005503284688
613,LARCENY SHOPLIFTING,A15,On-View,30,Male,White,Unknown,42.35654107607043,-71.05982952779992
1810,DRUGS - POSSESSION/ SALE/ MANUFACTURING/ USE,A1,On-View,45,Female,White,Unknown,42.35521428732261,-71.06206350909659
520,BURGLARY - RESIDENTIAL,E5,On-View,25,Male,Black or African American,Unknown,42.27327664106325,-71.16521913860537
1810,DRUGS - POSSESSION/ SALE/ MANUFACTURING/ USE,D14,On-View,38,Male,Black or African American,Unknown,42.35590006792458,-71.13172131842545
520,BURGLARY - RESIDENTIAL,D14,Taken into Custody,29,Male,Black or African American,Unknown,42.34984182543643,-71.13678902133276
615,LARCENY THEFT OF MV PARTS & ACCESSORIES,D14,On-View,25,Male,White,Unknown,42.353446467329626,-71.14212462362026
520,BURGLARY - RESIDENTIAL,D14,On-View,41,Female,Black or African American,Unknown,42.35148741691464,-71.1366079718742
613,LARCENY SHOPLIFTING,A1,On-View,21,Female,White,Unknown,42.35329785070248,-71.1340502835668
801,ASSAULT - SIMPLE,D14,On-View,30,Male,Black or African American,Hispanic or Latino,42.353011186512404,-71.13261450756816
520,BURGLARY - RESIDENTIAL,D14,On-View,29,Male,White,Unknown,42.350854488076834,-71.13408858956902
520,BURGLARY - RESIDENTIAL,D14,On-View,22,Female,White,Unknown,42.353131637132726,-71.14517338698923
423,ASSAULT - AGGRAVATED,D14,On-View,41,Male,Black or African American,Unknown,42.341306088112304,-71.14491279798932
520,BURGLARY - RESIDENTIAL,D14,On-View,50,Male,White,Unknown,42.35160841633627,-71.14602579743284
1501,WEAPON VIOLATION - CARRY/ POSSESSING/ SALE/ TRAFFICKING/ OTHER,D14,On-View,30,Female,Black or African American,Unknown,42.34127775307037,-71.16606070255986
1810,DRUGS - POSSESSION/ SALE/ MANUFACTURING/ USE,A1,On-View,25,Male,Black or African American,Not Hispanic or Latino,42.35594238717985,-71.06258333167791
540,BURGLARY - COMMERICAL,D14,Taken into Custody,53,Male,White,Unknown,42.35803303236218,-71.14126199497804
615,LARCENY THEFT OF MV PARTS & ACCESSORIES,D14,On-View,27,Male,Black or African American,Unknown,42.36019392471584,-71.15054493404938
1810,DRUGS - POSSESSION/ SALE/ MANUFACTURING/ USE,A1,On-View,28,Male,Black or African American,Unknown,42.35594238717985,-71.06258333167791
301,ROBBERY,E18,On-View,23,Male,White,Unknown,42.252894980260436,-71.12741457005583
613,LARCENY SHOPLIFTING,E18,On-View,16,Male,Black or African American,Unknown,42.27413021331998,-71.1167461692877
520,BURGLARY - RESIDENTIAL,E18,On-View,39,Male,Black or African American,Unknown,42.250598631893894,-71.14354881591657
301,ROBBERY,E18,On-View,32,Male,White,Unknown,42.24124925533901,-71.12629907670339
423,ASSAULT - AGGRAVATED,E18,On-View,25,Male,White,Unknown,42.2593283324292,-71.12816430137993
613,LARCENY SHOPLIFTING,D4,On-View,16,Male,White,Hispanic or Latino,42.3481315830497,-71.08027001562783
613,LARCENY SHOPLIFTING,D4,On-View,30,Male,Black or African American,Not Hispanic or Latino,42.3481315830497,-71.08027001562783
801,ASSAULT - SIMPLE,D4,On-View,28,Female,White,Unknown,42.34932471285015,-71.0801480124617
613,LARCENY SHOPLIFTING,D4,On-View,24,Male,White,Unknown,42.3481315830497,-71.08027001562783
423,ASSAULT - AGGRAVATED,C6,On-View,27,Male,Black or African American,Unknown,42.352756167727144,-71.04748127479294
1001,FORGERY / COUNTERFEITING,C6,On-View,33,Male,Black or African American,Unknown,42.35196451342847,-71.04611291097456
617,LARCENY THEFT FROM BUILDING,C6,On-View,30,Female,White,Unknown,42.35006633887883,-71.0479899000028
801,ASSAULT - SIMPLE,D14,On-View,25,Male,Black or African American,Unknown,42.351705713874026,-71.11989955508469
540,BURGLARY - COMMERICAL,D4,On-View,39,Male,Black or African American,Unknown,42.344422658102836,-71.09833082815538
