OFFENSE_CODE,OFFENSE_DESCRIPTION,Location,DISTRICT,Type_of_Arrest,age_code,sex_label,race_label,ethnicity_label
1810,DRUGS - POSSESSION/ SALE/ MANUFACTURING/ USE,"(42.356375305463075, -71.06213512963006)",A1,Taken into Custody,19,Male,Black or African American,Unknown
614,LARCENY THEFT FROM MV - NON-ACCESSORY,"(42.3163311419595, -71.06035002432111)",C11,On-View,41,Male,White,Unknown
2403,DISTURBING THE PEACE/ DISORDERLY CONDUCT/ GATHERING CAUSING ANNOYANCE/ NOISY PAR,,C6,On-View,31,Male,White,Unknown
613,LARCENY SHOPLIFTING,"(42.335002009514405, -71.07505997965448)",D4,On-View,52,Male,Black or African American,Unknown
1501,WEAPON VIOLATION - CARRY/ POSSESSING/ SALE/ TRAFFICKING/ OTHER,"(42.27282499935102, -71.14368898303007)",E5,On-View,28,Male,White,Unknown
613,LARCENY SHOPLIFTING,"(42.355123390368036, -71.06087979851635)",C11,Taken into Custody,43,Male,White,Unknown
735,RECOVERED - MV RECOVERED IN BOSTON (STOLEN OUTSIDE BOSTON),"(42.328470022679966, -71.0701000481234)",B2,On-View,51,Male,Black or African American,Unknown
801,ASSAULT - SIMPLE,"(42.355216248269386, -71.06012863469122)",A1,On-View,33,Female,White,Unknown
1810,DRUGS - POSSESSION/ SALE/ MANUFACTURING/ USE,,E5,On-View,22,Male,Black or African American,Hispanic or Latino
1810,DRUGS - POSSESSION/ SALE/ MANUFACTURING/ USE,"(42.379665975354314, -71.03022499754965)",A7,On-View,42,Male,White,Hispanic or Latino
301,ROBBERY,"(42.35618001845723, -71.06944004957653)",A1,On-View,29,Female,White,Unknown
1501,WEAPON VIOLATION - CARRY/ POSSESSING/ SALE/ TRAFFICKING/ OTHER,"(42.32411100531873, -71.07582900103701)",B2,On-View,31,Male,White,Unknown
801,ASSAULT - SIMPLE,"(42.353143007070415, -71.06144298692786)",A1,On-View,26,Male,Black or African American,Unknown
1810,DRUGS - POSSESSION/ SALE/ MANUFACTURING/ USE,"(42.333496016193855, -71.073387954796)",D4,On-View,17,Female,Black or African American,Not Hispanic or Latino
1300,STOLEN PROPERTY - BUYING / RECEIVING / POSSESSING,"(42.31327921688165, -71.05292093021899)",C11,On-View,34,Female,White,Unknown
801,ASSAULT - SIMPLE,"(42.328665234282205, -71.0703755299077)",B2,On-View,34,Male,Black or African American,Unknown
613,LARCENY SHOPLIFTING,"(42.33401828958511, -71.07638123930862)",D4,On-View,58,Male,White,Unknown
1501,WEAPON VIOLATION - CARRY/ POSSESSING/ SALE/ TRAFFICKING/ OTHER,"(42.31581501616131, -71.08734704525477)",B2,On-View,28,Male,Black or African American,Unknown
423,ASSAULT - AGGRAVATED,"(42.343490956724125, -71.0643519977526)",D4,On-View,16,Male,White,Unknown
1810,DRUGS - POSSESSION/ SALE/ MANUFACTURING/ USE,"(42.316854555201864, -71.07457616914428)",B2,On-View,20,Male,Black or African American,Unknown
1810,DRUGS - POSSESSION/ SALE/ MANUFACTURING/ USE,"(42.31822997875207, -71.09094999994325)",External,On-View,22,Male,White,Unknown
801,ASSAULT - SIMPLE,"(42.35624996765003, -71.06219005054983)",A1,On-View,25,Male,Asian,Not Hispanic or Latino
301,ROBBERY,"(42.29673351211901, -71.0761864808878)",B3,On-View,21,Male,Black or African American,Unknown
1810,DRUGS - POSSESSION/ SALE/ MANUFACTURING/ USE,"(42.33252400776082, -71.0721390207797)",C6,On-View,60,Male,Black or African American,Unknown
801,ASSAULT - SIMPLE,"(42.3378759969905, -71.04651600709391)",C6,On-View,31,Male,White,Unknown
1810,DRUGS - POSSESSION/ SALE/ MANUFACTURING/ USE,"(42.33492995918484, -71.0763699947807)",D4,On-View,34,Male,White,Unknown
423,ASSAULT - AGGRAVATED,"(42.256215920402155, -71.12401947329023)",B3,On-View,19,Female,White,Unknown
1501,WEAPON VIOLATION - CARRY/ POSSESSING/ SALE/ TRAFFICKING/ OTHER,"(42.31623974816479, -71.06695149828681)",B2,On-View,25,Male,Black or African American,Unknown
801,ASSAULT - SIMPLE,"(42.357686450592524, -71.06075134051291)",A1,Taken into Custody,31,Female,White,Unknown
1501,WEAPON VIOLATION - CARRY/ POSSESSING/ SALE/ TRAFFICKING/ OTHER,"(42.291722094307964, -71.11965460242159)",,On-View,21,Male,White,Unknown
1810,DRUGS - POSSESSION/ SALE/ MANUFACTURING/ USE,"(42.33252400776082, -71.0721390207797)",C6,On-View,42,Male,Black or African American,Hispanic or Latino
1810,DRUGS - POSSESSION/ SALE/ MANUFACTURING/ USE,"(42.314477024395686, -71.09138704565484)",B2,Taken into Custody,43,Female,White,Unknown
619,LARCENY ALL OTHERS,"(42.35624996765003, -71.06219005054983)",A1,On-View,35,Male,Black or African American,Unknown
1102,FRAUD - FALSE PRETENSE / SCHEME,"(42.35633323663546, -71.05440282341449)",A1,On-View,43,Male,White,Unknown
1810,DRUGS - POSSESSION/ SALE/ MANUFACTURING/ USE,"(42.33130600406084, -71.07194705097945)",B2,On-View,55,Male,Black or African American,Unknown
801,ASSAULT - SIMPLE,"(42.361838566564714, -71.05976489094158)",A1,On-View,14,Male,Black or African American,Unknown
1001,FORGERY / COUNTERFEITING,"(42.36317595813618, -71.05693903481118)",A1,On-View,33,Male,Black or African American,Hispanic or Latino
3831,M/V - LEAVING SCENE - PROPERTY DAMAGE,"(42.269098509623966, -71.0936145778819)",B3,Taken into Custody,61,Male,White,Unknown
423,ASSAULT - AGGRAVATED,"(42.297212969642636, -71.06104499957357)",C11,On-View,43,Male,White,Unknown
2647,THREATS TO DO BODILY HARM,"(42.350096010535424, -71.07732098429399)",D4,On-View,38,Male,White,Not Hispanic or Latino
801,ASSAULT - SIMPLE,"(42.350661739044675, -71.0660223169682)",A1,On-View,28,Male,Black or African American,Unknown
301,ROBBERY,"(42.314267975506404, -71.09153905340465)",B2,On-View,47,Female,Black or African American,Unknown
301,ROBBERY,"(42.33544997452736, -71.07447003174087)",D4,On-View,25,Female,Black or African American,Unknown
1810,DRUGS - POSSESSION/ SALE/ MANUFACTURING/ USE,"(42.333951248393774, -71.07538938822692)",D4,Taken into Custody,30,Male,Black or African American,Unknown
423,ASSAULT - AGGRAVATED,"(42.33231895523869, -71.0712059846215)",C6,On-View,14,Female,Black or African American,Unknown
1810,DRUGS - POSSESSION/ SALE/ MANUFACTURING/ USE,"(42.343219992187244, -71.09456003270992)",D4,Taken into Custody,16,Male,Black or African American,Unknown
1810,DRUGS - POSSESSION/ SALE/ MANUFACTURING/ USE,"(42.33715303343911, -71.07402500675465)",D4,On-View,31,Male,White,Unknown
423,ASSAULT - AGGRAVATED,"(42.35433998363569, -71.06171301395369)",A1,Taken into Custody,33,Male,White,Unknown
1402,VANDALISM,"(42.36654298921746, -71.05742812132196)",A1,On-View,55,Male,Black or African American,Unknown
1810,DRUGS - POSSESSION/ SALE/ MANUFACTURING/ USE,"(42.336979999937846, -71.07631598408616)",D4,On-View,19,Male,Black or African American,Hispanic or Latino
1810,DRUGS - POSSESSION/ SALE/ MANUFACTURING/ USE,"(42.334909956083834, -71.07517004893332)",D4,On-View,24,Female,White,Unknown
1501,WEAPON VIOLATION - CARRY/ POSSESSING/ SALE/ TRAFFICKING/ OTHER,"(42.33349998017161, -71.07350999617319)",D4,On-View,39,Male,Black or African American,Unknown
2403,DISTURBING THE PEACE/ DISORDERLY CONDUCT/ GATHERING CAUSING ANNOYANCE/ NOISY PAR,"(42.36646325495453, -71.06067800956681)",A1,On-View,27,Male,White,Unknown
801,ASSAULT - SIMPLE,"(42.33902200350492, -71.07627998359747)",D4,On-View,41,Male,White,Unknown
1602,PROSTITUTION - SOLICITING,"(42.31904095915661, -71.07775399146878)",,On-View,59,Male,Black or African American,Unknown
1602,PROSTITUTION - SOLICITING,"(42.31904095915661, -71.07775399146878)",B2,On-View,31,Male,Black or African American,Unknown
1501,WEAPON VIOLATION - CARRY/ POSSESSING/ SALE/ TRAFFICKING/ OTHER,"(42.31637400801798, -71.08290695630066)",B2,On-View,20,Male,White,Unknown
801,ASSAULT - SIMPLE,"(42.36127996561001, -71.06374998294558)",A1,Taken into Custody,34,Male,White,Unknown
1810,DRUGS - POSSESSION/ SALE/ MANUFACTURING/ USE,"(42.28747650962309, -71.10695495663543)",E18,On-View,40,Female,Black or African American,Unknown
801,ASSAULT - SIMPLE,"(42.34198295972969, -71.06302199857744)",D4,On-View,16,Male,Black or African American,Unknown
1810,DRUGS - POSSESSION/ SALE/ MANUFACTURING/ USE,"(42.35647753446067, -71.06142472382297)",A1,On-View,40,Male,Black or African American,Not Hispanic or Latino
423,ASSAULT - AGGRAVATED,"(42.286087959563694, -71.09093401094886)",B2,On-View,22,Male,White,Unknown
1810,DRUGS - POSSESSION/ SALE/ MANUFACTURING/ USE,"(42.313586031743725, -71.09798202854029)",E13,On-View,28,Male,Black or African American,Unknown
423,ASSAULT - AGGRAVATED,"(42.333496016193855, -71.073387954796)",D4,On-View,28,Male,Black or African American,Unknown
1810,DRUGS - POSSESSION/ SALE/ MANUFACTURING/ USE,"(42.355407375169605, -71.06312432552214)",A1,On-View,39,Male,Black or African American,Not Hispanic or Latino
1810,DRUGS - POSSESSION/ SALE/ MANUFACTURING/ USE,"(42.274994006680785, -71.07218901724026)",B3,On-View,20,Male,Black or African American,Unknown
1810,DRUGS - POSSESSION/ SALE/ MANUFACTURING/ USE,"(42.34842699032852, -71.06411398994886)",A1,On-View,24,Male,Black or African American,Unknown
301,ROBBERY,"(42.285029983261936, -71.05517304116798)",C11,On-View,19,Male,White,Unknown
1810,DRUGS - POSSESSION/ SALE/ MANUFACTURING/ USE,"(42.356501955762994, -71.06200003967024)",A1,On-View,19,Male,Black or African American,Unknown
1810,DRUGS - POSSESSION/ SALE/ MANUFACTURING/ USE,"(42.33252400776082, -71.0721390207797)",C6,On-View,27,Male,White,Unknown
801,ASSAULT - SIMPLE,,A1,On-View,34,Female,White,Unknown
1810,DRUGS - POSSESSION/ SALE/ MANUFACTURING/ USE,"(42.35670997167868, -71.06021994996486)",A1,On-View,20,Male,Black or African American,Unknown
1810,DRUGS - POSSESSION/ SALE/ MANUFACTURING/ USE,"(42.36074630801781, -71.06366014613627)",A1,On-View,23,Male,Black or African American,Unknown
1300,STOLEN PROPERTY - BUYING / RECEIVING / POSSESSING,"(42.30645148272501, -71.07730382339871)",C11,On-View,51,Male,White,Unknown
1810,DRUGS - POSSESSION/ SALE/ MANUFACTURING/ USE,"(42.334909956083834, -71.07517004893332)",D4,Taken into Custody,18,Male,White,Unknown
1501,WEAPON VIOLATION - CARRY/ POSSESSING/ SALE/ TRAFFICKING/ OTHER,"(42.31066595827528, -71.07775999682421)",B2,On-View,43,Male,Black or African American,Hispanic or Latino
801,ASSAULT - SIMPLE,"(42.330156463625116, -71.0629860389594)",C6,On-View,26,Male,White,Unknown
1501,WEAPON VIOLATION - CARRY/ POSSESSING/ SALE/ TRAFFICKING/ OTHER,"(42.2823189944733, -71.09961405143694)",B3,On-View,25,Male,Black or African American,Unknown
301,ROBBERY,"(42.370143024632824, -71.03891102828021)",A7,On-View,26,Male,Black or African American,Unknown
801,ASSAULT - SIMPLE,"(42.36124326869168, -71.06497327027982)",,Taken into Custody,37,Male,Black or African American,Not Hispanic or Latino
1810,DRUGS - POSSESSION/ SALE/ MANUFACTURING/ USE,"(42.35563595382303, -71.06289601257407)",A1,On-View,19,Male,Black or African American,Unknown
1810,DRUGS - POSSESSION/ SALE/ MANUFACTURING/ USE,"(42.298496993683905, -71.08376399104993)",B3,On-View,27,Male,Black or African American,Unknown
1810,DRUGS - POSSESSION/ SALE/ MANUFACTURING/ USE,,,Taken into Custody,45,Male,White,Hispanic or Latino
1810,DRUGS - POSSESSION/ SALE/ MANUFACTURING/ USE,"(42.34285014259629, -71.06516234666387)",D4,On-View,19,Female,White,Unknown
613,LARCENY SHOPLIFTING,"(42.355123390368036, -71.06087979851635)",C11,On-View,45,Male,Black or African American,Unknown
1810,DRUGS - POSSESSION/ SALE/ MANUFACTURING/ USE,"(42.385321978912266, -71.01299899010232)",A7,On-View,22,Male,Black or African American,Hispanic or Latino
801,ASSAULT - SIMPLE,"(42.360369007723634, -71.05672198080326)",A1,On-View,24,Female,Unknown,Unknown
1810,DRUGS - POSSESSION/ SALE/ MANUFACTURING/ USE,"(42.3331550046963, -71.03328401530715)",C6,On-View,25,Male,Black or African American,Unknown
1810,DRUGS - POSSESSION/ SALE/ MANUFACTURING/ USE,"(42.361838566564714, -71.05976489094158)",A1,On-View,21,Male,Black or African American,Unknown
1810,DRUGS - POSSESSION/ SALE/ MANUFACTURING/ USE,"(42.288865350032246, -71.07738439259764)",B3,On-View,20,Male,Black or African American,Hispanic or Latino
1810,DRUGS - POSSESSION/ SALE/ MANUFACTURING/ USE,"(42.268671009792456, -71.09381904199151)",B3,On-View,40,Male,White,Unknown
1810,DRUGS - POSSESSION/ SALE/ MANUFACTURING/ USE,"(42.35624996765003, -71.06219005054983)",A1,On-View,53,Female,White,Unknown
1810,DRUGS - POSSESSION/ SALE/ MANUFACTURING/ USE,"(42.309435020119544, -71.10457001505117)",E13,On-View,42,Male,White,Unknown
801,ASSAULT - SIMPLE,"(42.3643430261743, -71.05987600796638)",A1,On-View,34,Female,White,Unknown
1810,DRUGS - POSSESSION/ SALE/ MANUFACTURING/ USE,"(42.356501955762994, -71.06200003967024)",A1,On-View,26,Male,Black or African American,Unknown
1810,DRUGS - POSSESSION/ SALE/ MANUFACTURING/ USE,"(42.31501292551643, -71.09756690152177)",E13,Taken into Custody,35,Male,White,Unknown
1501,WEAPON VIOLATION - CARRY/ POSSESSING/ SALE/ TRAFFICKING/ OTHER,"(42.30159797231485, -71.06766796565064)",C11,On-View,32,Male,Black or African American,Unknown
1300,STOLEN PROPERTY - BUYING / RECEIVING / POSSESSING,"(42.29967304062781, -71.06511601499348)",C11,On-View,24,Male,White,Unknown
1102,FRAUD - FALSE PRETENSE / SCHEME,"(42.34942049769115, -71.08315799739897)",D4,On-View,13,Male,Black or African American,Unknown
1810,DRUGS - POSSESSION/ SALE/ MANUFACTURING/ USE,"(42.35166703879809, -71.0642770069012)",A1,On-View,28,Male,Black or African American,Not Hispanic or Latino
801,ASSAULT - SIMPLE,,,On-View,47,Female,Black or African American,Unknown
801,ASSAULT - SIMPLE,"(42.35626401204158, -71.0622609628789)",A1,On-View,47,Female,Black or African American,Unknown
423,ASSAULT - AGGRAVATED,"(42.31349602138435, -71.07952098034565)",B2,On-View,32,Male,Black or African American,Unknown
1810,DRUGS - POSSESSION/ SALE/ MANUFACTURING/ USE,"(42.33252400776082, -71.0721390207797)",C6,Taken into Custody,46,Male,Black or African American,Unknown
801,ASSAULT - SIMPLE,"(42.33700200415136, -71.09714000528234)",B2,On-View,30,Female,White,Unknown
423,ASSAULT - AGGRAVATED,"(42.33293399891861, -71.09240494335069)",B2,On-View,36,Male,Black or African American,Unknown
801,ASSAULT - SIMPLE,"(42.34950001108261, -71.07948002423015)",D4,On-View,40,Male,White,Unknown
801,ASSAULT - SIMPLE,"(42.356375305463075, -71.06213512963006)",,On-View,31,Male,Black or African American,Unknown
801,ASSAULT - SIMPLE,"(42.35091003042088, -71.05852996442474)",,On-View,23,Male,White,Unknown
801,ASSAULT - SIMPLE,"(42.35043296884183, -71.05873157807835)",,Taken into Custody,51,Male,Black or African American,Unknown
1810,DRUGS - POSSESSION/ SALE/ MANUFACTURING/ USE,"(42.352373017361835, -71.06260904632752)",,On-View,49,Male,White,Hispanic or Latino
1810,DRUGS - POSSESSION/ SALE/ MANUFACTURING/ USE,"(42.3530880327173, -71.06253904458899)",A1,On-View,38,Male,Black or African American,Unknown
614,LARCENY THEFT FROM MV - NON-ACCESSORY,"(42.34980174544626, -71.07840978002983)",D4,On-View,26,Male,White,Unknown
1810,DRUGS - POSSESSION/ SALE/ MANUFACTURING/ USE,"(42.364501960645214, -71.0628829417689)",A1,On-View,22,Male,Black or African American,Unknown
613,LARCENY SHOPLIFTING,"(42.3481315830497, -71.08027001562783)",D4,On-View,33,Male,Black or African American,Not Hispanic or Latino
1501,WEAPON VIOLATION - CARRY/ POSSESSING/ SALE/ TRAFFICKING/ OTHER,"(42.295115972230356, -71.08402899008802)",B3,On-View,25,Male,Black or African American,Unknown
1810,DRUGS - POSSESSION/ SALE/ MANUFACTURING/ USE,"(42.30339597352949, -71.08428495409163)",B3,On-View,20,Male,White,Unknown
423,ASSAULT - AGGRAVATED,"(42.3210416905708, -71.07215290722797)",B2,On-View,36,Male,Black or African American,Not Hispanic or Latino
619,LARCENY ALL OTHERS,"(42.350540021714295, -71.13106699302176)",D14,On-View,37,Female,White,Unknown
1810,DRUGS - POSSESSION/ SALE/ MANUFACTURING/ USE,"(42.30339999920008, -71.08504997638192)",,On-View,51,Male,White,Unknown
423,ASSAULT - AGGRAVATED,"(42.383537429793975, -71.07191075632804)",A15,On-View,34,Male,Black or African American,Unknown
1810,DRUGS - POSSESSION/ SALE/ MANUFACTURING/ USE,"(42.385321978912266, -71.01299899010232)",A7,On-View,43,Male,Asian,Not Hispanic or Latino
1501,WEAPON VIOLATION - CARRY/ POSSESSING/ SALE/ TRAFFICKING/ OTHER,"(42.307488000407915, -71.0759529843196)",C11,On-View,30,Male,Black or African American,Not Hispanic or Latino
2101,OPERATING UNDER THE INFLUENCE (OUI) ALCOHOL,"(42.287526020379495, -71.15229794531894)",E5,On-View,23,Male,White,Unknown
1810,DRUGS - POSSESSION/ SALE/ MANUFACTURING/ USE,"(42.33252400776082, -71.0721390207797)",C6,On-View,25,Male,Black or African American,Unknown
301,ROBBERY,"(42.350096010535424, -71.07732098429399)",D4,On-View,46,Male,Black or African American,Unknown
423,ASSAULT - AGGRAVATED,"(42.33511903946614, -71.07491709613726)",D4,On-View,22,Male,Black or African American,Hispanic or Latino
801,ASSAULT - SIMPLE,"(42.334288406594155, -71.07239517543796)",D4,Taken into Custody,53,Male,Black or African American,Unknown
1810,DRUGS - POSSESSION/ SALE/ MANUFACTURING/ USE,"(42.374322040476514, -71.03780297030556)",A7,On-View,29,Male,Black or African American,Unknown
1810,DRUGS - POSSESSION/ SALE/ MANUFACTURING/ USE,"(42.38084401591762, -71.02501000303873)",A7,On-View,54,Male,Black or African American,Hispanic or Latino
1810,DRUGS - POSSESSION/ SALE/ MANUFACTURING/ USE,"(42.2845180066199, -71.0872330499765)",B3,Taken into Custody,38,Male,White,Unknown
423,ASSAULT - AGGRAVATED,"(42.33415703987233, -71.10480504762064)",B2,On-View,16,Male,Black or African American,Unknown
1402,VANDALISM,"(42.3593299565636, -71.05354994316879)",A1,On-View,45,Female,Black or African American,Not Hispanic or Latino
801,ASSAULT - SIMPLE,"(42.36124802362634, -71.06096301160248)",A1,On-View,29,Male,Black or African American,Not Hispanic or Latino
1300,STOLEN PROPERTY - BUYING / RECEIVING / POSSESSING,"(42.316575991384475, -71.09015205187445)",B2,Taken into Custody,37,Male,Black or African American,Hispanic or Latino
801,ASSAULT - SIMPLE,"(42.35552196551995, -71.1327889953157)",D14,On-View,21,Male,White,Unknown
1300,STOLEN PROPERTY - BUYING / RECEIVING / POSSESSING,"(42.31790476282511, -71.06706881175673)",B2,On-View,32,Male,Black or African American,Unknown
423,ASSAULT - AGGRAVATED,,B2,On-View,20,Male,Asian,Unknown
301,ROBBERY,"(42.35358129214585, -71.06236664552554)",A1,Taken into Custody,25,Male,Black or African American,Unknown
1810,DRUGS - POSSESSION/ SALE/ MANUFACTURING/ USE,,External,Taken into Custody,38,Male,White,Unknown
1810,DRUGS - POSSESSION/ SALE/ MANUFACTURING/ USE,"(42.356585003345934, -71.06189504798772)",A1,On-View,27,Male,Black or African American,Unknown
801,ASSAULT - SIMPLE,"(42.35972136485405, -71.05852360114129)",A1,On-View,25,Male,Black or African American,Unknown
801,ASSAULT - SIMPLE,"(42.35892278751083, -71.0583535444055)",A1,On-View,24,Male,Black or African American,Not Hispanic or Latino
423,ASSAULT - AGGRAVATED,"(42.356921104103904, -71.06152940460662)",A1,On-View,41,Male,Black or African American,Unknown
801,ASSAULT - SIMPLE,"(42.352418147286066, -71.06525498581209)",A1,On-View,18,Female,Black or African American,Unknown
1810,DRUGS - POSSESSION/ SALE/ MANUFACTURING/ USE,"(42.36275808126071, -71.05911651988579)",A1,On-View,19,Male,Black or African American,Unknown
801,ASSAULT - SIMPLE,"(42.35674089336639, -71.05794653888623)",A1,On-View,23,Male,Black or African American,Unknown
613,LARCENY SHOPLIFTING,"(42.358977590363246, -71.05702370656526)",A1,On-View,21,Male,Black or African American,Unknown
613,LARCENY SHOPLIFTING,"(42.3593409902667, -71.05333099954403)",A1,On-View,54,Female,White,Unknown
423,ASSAULT - AGGRAVATED,"(42.359286996590036, -71.05379101582544)",A1,On-View,38,Male,White,Unknown
423,ASSAULT - AGGRAVATED,"(42.36410357322303, -71.05179498627747)",A1,On-View,33,Male,Black or African American,Unknown
540,BURGLARY - COMMERICAL,"(42.36020463583606, -71.0562081611498)",A1,On-View,55,Male,White,Unknown
301,ROBBERY,"(42.359302334663646, -71.05556915693893)",A1,On-View,48,Male,White,Unknown
423,ASSAULT - AGGRAVATED,"(42.35799189511452, -71.05730964378331)",A1,On-View,26,Male,White,Unknown
1107,FRAUD - IMPERSONATION,"(42.35952721366211, -71.0535883930941)",A1,On-View,26,Male,Black or African American,Unknown
613,LARCENY SHOPLIFTING,"(42.35648630460298, -71.05928144939367)",A1,On-View,26,Male,Black or African American,Unknown
613,LARCENY SHOPLIFTING,"(42.355216248269386, -71.06012863469122)",A1,On-View,20,Male,White,Unknown
301,ROBBERY,"(42.355216248269386, -71.06012863469122)",A1,On-View,29,Male,White,Unknown
423,ASSAULT - AGGRAVATED,"(42.356492958837165, -71.05259106610272)",A1,On-View,21,Male,Black or African American,Hispanic or Latino
423,ASSAULT - AGGRAVATED,"(42.357947912495824, -71.05082219162912)",,On-View,21,Male,Black or African American,Hispanic or Latino
423,ASSAULT - AGGRAVATED,"(42.34997256219053, -71.06348816860363)",,On-View,40,Female,White,Unknown
520,BURGLARY - RESIDENTIAL,"(42.351234233031505, -71.06213842399693)",A1,On-View,33,Female,Black or African American,Unknown
613,LARCENY SHOPLIFTING,"(42.355123390368036, -71.06087979851635)",A1,On-View,30,Male,White,Unknown
1001,FORGERY / COUNTERFEITING,"(42.3532756075195, -71.06345772204415)",A1,On-View,29,Male,Unknown,Unknown
423,ASSAULT - AGGRAVATED,"(42.35142278267794, -71.0608450799525)",A1,On-View,18,Male,Black or African American,Unknown
301,ROBBERY,"(42.355407375169605, -71.06312432552214)",A1,On-View,19,Male,Black or African American,Hispanic or Latino
423,ASSAULT - AGGRAVATED,"(42.352072379909714, -71.05975342200742)",A1,On-View,48,Male,White,Unknown
1810,DRUGS - POSSESSION/ SALE/ MANUFACTURING/ USE,"(42.355407375169605, -71.06312432552214)",A1,On-View,44,Male,Black or African American,Unknown
1810,DRUGS - POSSESSION/ SALE/ MANUFACTURING/ USE,"(42.355407375169605, -71.06312432552214)",A1,On-View,24,Female,Black or African American,Unknown
1810,DRUGS - POSSESSION/ SALE/ MANUFACTURING/ USE,"(42.35521428732261, -71.06206350909659)",A1,On-View,18,Male,White,Unknown
613,LARCENY SHOPLIFTING,"(42.355123390368036, -71.06087979851635)",A1,On-View,23,Male,White,Unknown
613,LARCENY SHOPLIFTING,"(42.355123390368036, -71.06087979851635)",C11,On-View,34,Male,White,Unknown
801,ASSAULT - SIMPLE,"(42.35218277629835, -71.055678802816)",A1,On-View,33,Male,Black or African American,Unknown
423,ASSAULT - AGGRAVATED,"(42.35370584469061, -71.05898586899663)",A1,On-View,22,Male,White,Unknown
801,ASSAULT - SIMPLE,"(42.34997839699486, -71.05683752420933)",A1,On-View,37,Male,White,Unknown
801,ASSAULT - SIMPLE,"(42.35043296884183, -71.05873157807835)",,On-View,30,Male,White,Unknown
613,LARCENY SHOPLIFTING,"(42.355123390368036, -71.06087979851635)",A1,On-View,53,Female,White,Unknown
801,ASSAULT - SIMPLE,"(42.35456406220822, -71.06147417777582)",A1,On-View,40,Male,White,Unknown
801,ASSAULT - SIMPLE,"(42.36463708313077, -71.05308448372533)",A1,On-View,20,Male,Black or African American,Unknown
614,LARCENY THEFT FROM MV - NON-ACCESSORY,"(42.36275239684634, -71.05556460633578)",A1,On-View,41,Male,Black or African American,Unknown
1810,DRUGS - POSSESSION/ SALE/ MANUFACTURING/ USE,"(42.35563595382303, -71.06289601257407)",,On-View,41,Male,White,Unknown
801,ASSAULT - SIMPLE,"(42.36423840160728, -71.06165515011014)",A1,On-View,53,Female,White,Unknown
613,LARCENY SHOPLIFTING,"(42.360644695548025, -71.07086192011141)",A1,On-View,31,Male,Black or African American,Unknown
423,ASSAULT - AGGRAVATED,"(42.365374796420454, -71.06154161481645)",A1,On-View,30,Female,Black or African American,Unknown
801,ASSAULT - SIMPLE,"(42.3626074984039, -71.06132725274803)",A1,On-View,33,Male,White,Unknown
423,ASSAULT - AGGRAVATED,"(42.36761590614277, -71.06601360242783)",A1,Taken into Custody,54,Male,Black or African American,Not Hispanic or Latino
1300,STOLEN PROPERTY - BUYING / RECEIVING / POSSESSING,"(42.363945088607956, -71.05942841351614)",A1,On-View,37,Female,Black or African American,Unknown
520,BURGLARY - RESIDENTIAL,"(42.35827471343007, -71.07057867050449)",A1,On-View,27,Male,White,Unknown
616,LARCENY THEFT OF BICYCLE,"(42.36116015143743, -71.07001525913154)",A1,Taken into Custody,42,Male,White,Unknown
801,ASSAULT - SIMPLE,"(42.362167708902106, -71.06827020408886)",A1,On-View,20,Female,White,Unknown
111,"MURDER, NON-NEGLIGIENT MANSLAUGHTER","(42.364895270027304, -71.06050249015775)",A1,On-View,44,Male,White,Unknown
1106,FRAUD - CREDIT CARD / ATM FRAUD,"(42.36169720241245, -71.06685877879289)",A1,On-View,18,Female,Black or African American,Unknown
801,ASSAULT - SIMPLE,"(42.36552998463411, -71.06120001005544)",A1,On-View,28,Male,White,Unknown
801,ASSAULT - SIMPLE,"(42.364966632725384, -71.06157973765418)",A1,On-View,43,Male,White,Unknown
801,ASSAULT - SIMPLE,"(42.36423840160728, -71.06165515011014)",A1,On-View,50,Male,Black or African American,Unknown
613,LARCENY SHOPLIFTING,"(42.36113122629886, -71.06484333743568)",A1,On-View,42,Female,White,Hispanic or Latino
801,ASSAULT - SIMPLE,"(42.365374796420454, -71.06154161481645)",A1,Taken into Custody,39,Female,White,Unknown
423,ASSAULT - AGGRAVATED,"(42.346764628542196, -71.08747789104905)",D4,On-View,24,Male,Black or African American,Unknown
616,LARCENY THEFT OF BICYCLE,,D4,On-View,18,Male,White,Unknown
423,ASSAULT - AGGRAVATED,,D4,On-View,23,Female,Black or African American,Unknown
1810,DRUGS - POSSESSION/ SALE/ MANUFACTURING/ USE,"(42.33332887521637, -71.10659533965244)",B2,On-View,36,Female,White,Unknown
613,LARCENY SHOPLIFTING,"(42.34840576247316, -71.08688338740227)",D4,On-View,21,Male,Black or African American,Hispanic or Latino
540,BURGLARY - COMMERICAL,"(42.35038759600337, -71.08785290063189)",D4,On-View,50,Male,White,Unknown
801,ASSAULT - SIMPLE,"(42.31631666104053, -71.10297210108513)",E13,On-View,27,Male,Asian,Unknown
423,ASSAULT - AGGRAVATED,"(42.34980174544626, -71.07840978002983)",D4,On-View,28,Male,White,Unknown
1501,WEAPON VIOLATION - CARRY/ POSSESSING/ SALE/ TRAFFICKING/ OTHER,"(42.34762276726666, -71.0760673490331)",D4,On-View,24,Male,White,Unknown
1810,DRUGS - POSSESSION/ SALE/ MANUFACTURING/ USE,"(42.361838566564714, -71.05976489094158)",A1,On-View,31,Female,Black or African American,Unknown
801,ASSAULT - SIMPLE,"(42.350661739044675, -71.0660223169682)",A1,On-View,39,Male,White,Unknown
613,LARCENY SHOPLIFTING,"(42.35272947428534, -71.06256290848422)",A1,On-View,34,Male,White,Unknown
520,BURGLARY - RESIDENTIAL,"(42.34451294296881, -71.08049717035647)",D4,On-View,62,Male,Black or African American,Unknown
613,LARCENY SHOPLIFTING,"(42.35272947428534, -71.06256290848422)",A1,On-View,37,Male,White,Unknown
801,ASSAULT - SIMPLE,"(42.344539112231274, -71.07358770006816)",D4,On-View,27,Male,Black or African American,Not Hispanic or Latino
801,ASSAULT - SIMPLE,"(42.34980174544626, -71.07840978002983)",D4,On-View,62,Female,White,Unknown
423,ASSAULT - AGGRAVATED,"(42.34997256219053, -71.06348816860363)",A1,On-View,28,Male,White,Unknown
613,LARCENY SHOPLIFTING,"(42.34646505018861, -71.07070435577359)",D4,On-View,29,Male,White,Unknown
301,ROBBERY,"(42.35272947428534, -71.06256290848422)",A1,On-View,41,Male,White,Unknown
617,LARCENY THEFT FROM BUILDING,"(42.35143482577503, -71.06969334275597)",A1,On-View,26,Male,Black or African American,Not Hispanic or Latino
613,LARCENY SHOPLIFTING,"(42.348009776611875, -71.07669759984445)",D4,On-View,65,Male,White,Unknown
1810,DRUGS - POSSESSION/ SALE/ MANUFACTURING/ USE,"(42.361838566564714, -71.05976489094158)",A1,On-View,24,Male,Black or African American,Unknown
801,ASSAULT - SIMPLE,"(42.344109047205244, -71.07517689326701)",D4,On-View,28,Male,Asian,Unknown
801,ASSAULT - SIMPLE,"(42.34980174544626, -71.07840978002983)",D4,On-View,56,Male,Unknown,Unknown
1810,DRUGS - POSSESSION/ SALE/ MANUFACTURING/ USE,"(42.35231189676638, -71.06370510095782)",A1,On-View,29,Male,White,Unknown
1402,VANDALISM,"(42.34451294296881, -71.08049717035647)",D4,On-View,36,Male,Black or African American,Unknown
614,LARCENY THEFT FROM MV - NON-ACCESSORY,"(42.34797239824585, -71.07849581587274)",D4,On-View,24,Male,Black or African American,Unknown
423,ASSAULT - AGGRAVATED,"(42.348276975733555, -71.07038932399338)",A1,On-View,57,Male,Black or African American,Unknown
1810,DRUGS - POSSESSION/ SALE/ MANUFACTURING/ USE,"(42.35103104592933, -71.06373331020067)",A1,On-View,57,Male,Black or African American,Unknown
801,ASSAULT - SIMPLE,"(42.350378699776456, -71.07626098382806)",D4,On-View,30,Male,Black or African American,Unknown
423,ASSAULT - AGGRAVATED,"(42.33455373593907, -71.07560801275244)",D4,On-View,25,Male,Black or African American,Unknown
301,ROBBERY,"(42.33649699776782, -71.07601601658193)",,On-View,35,Female,White,Unknown
801,ASSAULT - SIMPLE,"(42.33311189030741, -71.07276369932725)",D4,Taken into Custody,39,Male,White,Hispanic or Latino
1810,DRUGS - POSSESSION/ SALE/ MANUFACTURING/ USE,,D4,On-View,18,Female,Black or African American,Not Hispanic or Latino
423,ASSAULT - AGGRAVATED,"(42.33893528651834, -71.07016501988292)",D4,On-View,46,Male,Black or African American,Unknown
1810,DRUGS - POSSESSION/ SALE/ MANUFACTURING/ USE,"(42.33401828958511, -71.07638123930862)",D4,On-View,31,Male,Black or African American,Not Hispanic or Latino
613,LARCENY SHOPLIFTING,"(42.33816386524174, -71.0746121662475)",D4,On-View,25,Female,Asian,Unknown
613,LARCENY SHOPLIFTING,"(42.33401828958511, -71.07638123930862)",D4,On-View,51,Male,White,Unknown
801,ASSAULT - SIMPLE,"(42.337441144368036, -71.08057671027895)",D4,On-View,39,Male,White,Unknown
423,ASSAULT - AGGRAVATED,"(42.34186764975369, -71.07272214723805)",D4,On-View,47,Female,Black or African American,Unknown
520,BURGLARY - RESIDENTIAL,"(42.335966982440084, -71.0738540068018)",D4,On-View,31,Male,Black or African American,Not Hispanic or Latino
801,ASSAULT - SIMPLE,"(42.34255919133471, -71.06270823776892)",,On-View,33,Male,White,Not Hispanic or Latino
423,ASSAULT - AGGRAVATED,"(42.344915804680475, -71.06169938200543)",D4,On-View,46,Male,White,Unknown
423,ASSAULT - AGGRAVATED,"(42.34107004803603, -71.082552871798)",D4,On-View,57,Male,White,Unknown
301,ROBBERY,"(42.34334672152103, -71.0664314161937)",D4,On-View,50,Male,Black or African American,Unknown
614,LARCENY THEFT FROM MV - NON-ACCESSORY,"(42.3382557219581, -71.07920917599449)",D4,On-View,19,Female,Black or African American,Unknown
1810,DRUGS - POSSESSION/ SALE/ MANUFACTURING/ USE,"(42.332108429494895, -71.07014394813551)",C6,On-View,26,Male,Black or African American,Unknown
619,LARCENY ALL OTHERS,"(42.33763461241633, -71.07013023972213)",D4,Taken into Custody,22,Male,White,Unknown
423,ASSAULT - AGGRAVATED,"(42.34329794595815, -71.06458096424923)",D4,On-View,40,Female,White,Unknown
1810,DRUGS - POSSESSION/ SALE/ MANUFACTURING/ USE,"(42.33311189030741, -71.07276369932725)",D4,On-View,37,Male,White,Unknown
423,ASSAULT - AGGRAVATED,"(42.334288406594155, -71.07239517543796)",D4,Taken into Custody,51,Male,White,Unknown
540,BURGLARY - COMMERICAL,"(42.341767355628505, -71.06655238025242)",D4,On-View,30,Male,White,Not Hispanic or Latino
801,ASSAULT - SIMPLE,"(42.34329794595815, -71.06458096424923)",D4,Taken into Custody,49,Male,Black or African American,Unknown
724,AUTO THEFT,"(42.33311189030741, -71.07276369932725)",D4,On-View,17,Male,Black or African American,Not Hispanic or Latino
801,ASSAULT - SIMPLE,"(42.33511903946614, -71.07491709613726)",D4,On-View,38,Female,Black or African American,Unknown
1810,DRUGS - POSSESSION/ SALE/ MANUFACTURING/ USE,"(42.334288406594155, -71.07239517543796)",D4,On-View,34,Male,White,Hispanic or Latino
801,ASSAULT - SIMPLE,"(42.33511903946614, -71.07491709613726)",D4,On-View,20,Male,Black or African American,Unknown
801,ASSAULT - SIMPLE,"(42.324672258779266, -71.08922357608378)",B2,Taken into Custody,53,Male,Black or African American,Unknown
613,LARCENY SHOPLIFTING,,B2,On-View,32,Male,White,Not Hispanic or Latino
2662,BALLISTICS EVIDENCE/FOUND,"(42.31917110314452, -71.09192414516498)",B2,On-View,60,Male,White,Unknown
301,ROBBERY,"(42.33094751774542, -71.08285103905484)",B2,On-View,52,Male,Black or African American,Unknown
1810,DRUGS - POSSESSION/ SALE/ MANUFACTURING/ USE,"(42.329024688954846, -71.08341504753118)",B2,On-View,21,Female,Black or African American,Unknown
801,ASSAULT - SIMPLE,"(42.33246399295361, -71.07874760292749)",D4,On-View,50,Male,Black or African American,Hispanic or Latino
540,BURGLARY - COMMERICAL,"(42.32872588572028, -71.08382216968015)",B2,Taken into Custody,23,Male,White,Unknown
1810,DRUGS - POSSESSION/ SALE/ MANUFACTURING/ USE,"(42.32849702047383, -71.08089694035428)",B2,On-View,45,Female,Black or African American,Not Hispanic or Latino
1501,WEAPON VIOLATION - CARRY/ POSSESSING/ SALE/ TRAFFICKING/ OTHER,"(42.325315101834306, -71.08313582404215)",,On-View,30,Female,White,Unknown
801,ASSAULT - SIMPLE,"(42.3230051439498, -71.08081695512372)",B2,On-View,43,Male,White,Not Hispanic or Latino
801,ASSAULT - SIMPLE,"(42.32203839786156, -71.07140396187495)",,On-View,28,Male,Black or African American,Unknown
801,ASSAULT - SIMPLE,"(42.324203220067794, -71.07279043613084)",B2,On-View,45,Male,Black or African American,Unknown
520,BURGLARY - RESIDENTIAL,"(42.32362957982078, -71.0686776091468)",B2,Taken into Custody,21,Male,Black or African American,Unknown
1810,DRUGS - POSSESSION/ SALE/ MANUFACTURING/ USE,"(42.33207615840789, -71.07145394322156)",C6,Taken into Custody,27,Male,Black or African American,Unknown
1501,WEAPON VIOLATION - CARRY/ POSSESSING/ SALE/ TRAFFICKING/ OTHER,"(42.32326640493316, -71.09841607448385)",B2,On-View,33,Male,Black or African American,Unknown
1810,DRUGS - POSSESSION/ SALE/ MANUFACTURING/ USE,"(42.32866283555608, -71.08563401183545)",B2,On-View,36,Male,White,Unknown
423,ASSAULT - AGGRAVATED,"(42.3128605985453, -71.09572779926056)",E13,On-View,20,Male,Black or African American,Unknown
111,"MURDER, NON-NEGLIGIENT MANSLAUGHTER","(42.31558612644294, -71.0939936090046)",E13,On-View,28,Male,Black or African American,Unknown
1300,STOLEN PROPERTY - BUYING / RECEIVING / POSSESSING,"(42.319854434786805, -71.07972518175252)",B2,On-View,48,Male,Black or African American,Unknown
1810,DRUGS - POSSESSION/ SALE/ MANUFACTURING/ USE,"(42.334288406594155, -71.07239517543796)",B2,On-View,49,Male,Black or African American,Unknown
801,ASSAULT - SIMPLE,"(42.33094751774542, -71.08285103905484)",B2,On-View,63,Female,Black or African American,Unknown
1300,STOLEN PROPERTY - BUYING / RECEIVING / POSSESSING,"(42.32587658482142, -71.07024946654607)",B2,On-View,25,Male,Black or African American,Unknown
423,ASSAULT - AGGRAVATED,"(42.32950968807199, -71.08960850442585)",,On-View,43,Male,Black or African American,Unknown
1501,WEAPON VIOLATION - CARRY/ POSSESSING/ SALE/ TRAFFICKING/ OTHER,"(42.322216452588734, -71.08206722729449)",B2,On-View,25,Male,Black or African American,Unknown
641,BREAKING AND ENTERING (B&E) MOTOR VEHICLE,"(42.33380237768219, -71.08880867211724)",B2,On-View,25,Male,Black or African American,Unknown
801,ASSAULT - SIMPLE,"(42.33638389017787, -71.09869457237673)",B2,On-View,35,Male,White,Unknown
1402,VANDALISM,"(42.334502847983835, -71.10368019610496)",B2,On-View,47,Male,Black or African American,Hispanic or Latino
2647,THREATS TO DO BODILY HARM,"(42.334502847983835, -71.10368019610496)",B2,Taken into Custody,64,Male,Black or African American,Unknown
1402,VANDALISM,"(42.33174861485478, -71.09694067798385)",,Taken into Custody,26,Male,Black or African American,Unknown
423,ASSAULT - AGGRAVATED,"(42.33164158710258, -71.10760788705863)",B2,Taken into Custody,50,Male,White,Unknown
1501,WEAPON VIOLATION - CARRY/ POSSESSING/ SALE/ TRAFFICKING/ OTHER,"(42.33467050093237, -71.08893400166374)",B2,On-View,22,Male,Black or African American,Not Hispanic or Latino
3119,FIREARM/WEAPON - FOUND OR CONFISCATED,"(42.333639252214326, -71.10589316955655)",,Taken into Custody,39,Male,Black or African American,Unknown
1501,WEAPON VIOLATION - CARRY/ POSSESSING/ SALE/ TRAFFICKING/ OTHER,"(42.33465694360193, -71.09708333142086)",B2,On-View,19,Female,Black or African American,Unknown
1501,WEAPON VIOLATION - CARRY/ POSSESSING/ SALE/ TRAFFICKING/ OTHER,"(42.302453906711115, -71.0804470895425)",B3,On-View,40,Male,Black or African American,Unknown
1810,DRUGS - POSSESSION/ SALE/ MANUFACTURING/ USE,"(42.301974199931514, -71.08383388128998)",B3,Taken into Custody,25,Male,Black or African American,Unknown
423,ASSAULT - AGGRAVATED,"(42.30090968808207, -71.07425843202)",C11,On-View,34,Male,White,Unknown
801,ASSAULT - SIMPLE,"(42.30447610517032, -71.06999552609405)",C11,On-View,38,Male,Black or African American,Unknown
619,LARCENY ALL OTHERS,"(42.29755532959655, -71.05970910242573)",C11,On-View,21,Male,Black or African American,Unknown
1001,FORGERY / COUNTERFEITING,,B2,On-View,18,Male,Black or African American,Unknown
423,ASSAULT - AGGRAVATED,,B2,On-View,21,Male,Black or African American,Unknown
2647,THREATS TO DO BODILY HARM,"(42.305210909983025, -71.07930129527567)",C11,On-View,30,Male,Black or African American,Unknown
423,ASSAULT - AGGRAVATED,"(42.29746606065057, -71.08274309514798)",B3,On-View,13,Female,Black or African American,Unknown
423,ASSAULT - AGGRAVATED,,B2,On-View,19,Male,Black or African American,Unknown
1501,WEAPON VIOLATION - CARRY/ POSSESSING/ SALE/ TRAFFICKING/ OTHER,"(42.30724276064387, -71.07558677313347)",C11,On-View,33,Male,Black or African American,Hispanic or Latino
1501,WEAPON VIOLATION - CARRY/ POSSESSING/ SALE/ TRAFFICKING/ OTHER,"(42.29939553240145, -71.0830016761462)",B3,On-View,23,Male,Black or African American,Unknown
1501,WEAPON VIOLATION - CARRY/ POSSESSING/ SALE/ TRAFFICKING/ OTHER,,B2,On-View,41,Male,White,Hispanic or Latino
619,LARCENY ALL OTHERS,"(42.30591850435545, -71.07956586362388)",B2,On-View,26,Male,Black or African American,Unknown
423,ASSAULT - AGGRAVATED,,B2,Taken into Custody,22,Male,Black or African American,Unknown
1810,DRUGS - POSSESSION/ SALE/ MANUFACTURING/ USE,"(42.30084929096079, -71.08522128087432)",B3,On-View,29,Male,Black or African American,Unknown
801,ASSAULT - SIMPLE,"(42.31255111872265, -71.0802128716211)",,On-View,60,Female,Black or African American,Unknown
1810,DRUGS - POSSESSION/ SALE/ MANUFACTURING/ USE,"(42.308701316486136, -71.07932754906882)",B2,On-View,49,Female,Black or African American,Unknown
1300,STOLEN PROPERTY - BUYING / RECEIVING / POSSESSING,"(42.31192788885458, -71.07762962548449)",B2,Taken into Custody,19,Male,Black or African American,Unknown
1810,DRUGS - POSSESSION/ SALE/ MANUFACTURING/ USE,"(42.31254969714649, -71.08757080659649)",B2,On-View,46,Male,Black or African American,Unknown
1300,STOLEN PROPERTY - BUYING / RECEIVING / POSSESSING,"(42.316321305820594, -71.08923049704752)",B2,Taken into Custody,33,Male,Black or African American,Unknown
1501,WEAPON VIOLATION - CARRY/ POSSESSING/ SALE/ TRAFFICKING/ OTHER,"(42.29977869564501, -71.06252889454329)",C11,On-View,43,Male,Black or African American,Unknown
1501,WEAPON VIOLATION - CARRY/ POSSESSING/ SALE/ TRAFFICKING/ OTHER,"(42.29487474366853, -71.05742148001201)",E13,On-View,40,Male,Black or African American,Unknown
1402,VANDALISM,"(42.29768953838805, -71.06090954029862)",,On-View,30,Male,Black or African American,Unknown
1501,WEAPON VIOLATION - CARRY/ POSSESSING/ SALE/ TRAFFICKING/ OTHER,"(42.31922045072317, -71.06783905946105)",C11,On-View,48,Male,Black or African American,Unknown
423,ASSAULT - AGGRAVATED,"(42.30573976863983, -71.06762361757636)",C11,On-View,34,Male,White,Unknown
1810,DRUGS - POSSESSION/ SALE/ MANUFACTURING/ USE,"(42.29430844137291, -71.06188627807245)",C11,On-View,30,Male,Black or African American,Hispanic or Latino
1810,DRUGS - POSSESSION/ SALE/ MANUFACTURING/ USE,"(42.35571984773325, -71.06110870603275)",A1,On-View,35,Male,Black or African American,Unknown
617,LARCENY THEFT FROM BUILDING,"(42.29755532959655, -71.05970910242573)",C11,On-View,32,Male,Black or African American,Unknown
1501,WEAPON VIOLATION - CARRY/ POSSESSING/ SALE/ TRAFFICKING/ OTHER,"(42.30209442501829, -71.06575183262441)",C11,On-View,56,Male,Black or African American,Unknown
423,ASSAULT - AGGRAVATED,"(42.30658785805976, -71.06207254675292)",C11,On-View,26,Male,Black or African American,Hispanic or Latino
1810,DRUGS - POSSESSION/ SALE/ MANUFACTURING/ USE,"(42.30540714800679, -71.06547135152914)",C11,On-View,28,Male,Black or African American,Unknown
301,ROBBERY,"(42.30522240264879, -71.06749448637075)",C11,On-View,23,Male,Black or African American,Unknown
2647,THREATS TO DO BODILY HARM,"(42.288612037062094, -71.06564594444205)",C11,On-View,36,Male,Black or African American,Unknown
520,BURGLARY - RESIDENTIAL,"(42.30923300021321, -71.0595359994509)",C11,On-View,31,Male,Black or African American,Unknown
520,BURGLARY - RESIDENTIAL,"(42.30470399216786, -71.05908258402557)",C11,On-View,15,Female,Black or African American,Hispanic or Latino
520,BURGLARY - RESIDENTIAL,"(42.284062201754466, -71.08170838797426)",B3,On-View,47,Male,White,Unknown
613,LARCENY SHOPLIFTING,"(42.29453954303396, -71.08669889996908)",,On-View,20,Male,Black or African American,Unknown
801,ASSAULT - SIMPLE,"(42.28187557863393, -71.08550537672407)",B3,On-View,38,Male,Black or African American,Unknown
1810,DRUGS - POSSESSION/ SALE/ MANUFACTURING/ USE,"(42.28363433668834, -71.08281320046791)",B3,On-View,40,Male,Black or African American,Unknown
423,ASSAULT - AGGRAVATED,"(42.283132304219535, -71.08721870474653)",B3,On-View,49,Male,White,Unknown
301,ROBBERY,"(42.29435406752485, -71.07306715051777)",B3,On-View,28,Male,Black or African American,Unknown
423,ASSAULT - AGGRAVATED,"(42.29202522834237, -71.06321541185541)",C11,On-View,34,Male,Black or African American,Unknown
801,ASSAULT - SIMPLE,"(42.287148203950444, -71.06493039372496)",C11,On-View,32,Male,Black or African American,Unknown
1402,VANDALISM,"(42.28657333681241, -71.06408373963264)",C11,Taken into Custody,63,Male,Black or African American,Unknown
613,LARCENY SHOPLIFTING,"(42.29131612789713, -71.07170292796064)",C11,On-View,36,Male,Black or African American,Unknown
1810,DRUGS - POSSESSION/ SALE/ MANUFACTURING/ USE,"(42.291255860122845, -71.07475091946907)",B3,On-View,20,Female,Black or African American,Unknown
619,LARCENY ALL OTHERS,"(42.2843981982829, -71.06468373288614)",C11,On-View,39,Female,White,Unknown
1810,DRUGS - POSSESSION/ SALE/ MANUFACTURING/ USE,"(42.28981696413122, -71.06760634114863)",C11,On-View,29,Male,Black or African American,Unknown
1402,VANDALISM,"(42.29542942440426, -71.07661171820321)",B3,On-View,33,Male,White,Unknown
1501,WEAPON VIOLATION - CARRY/ POSSESSING/ SALE/ TRAFFICKING/ OTHER,"(42.294773214108304, -71.08038431728724)",B3,On-View,35,Male,Asian,Unknown
1102,FRAUD - FALSE PRETENSE / SCHEME,"(42.2843981982829, -71.06468373288614)",C11,On-View,18,Female,Black or African American,Unknown
801,ASSAULT - SIMPLE,,B3,On-View,49,Male,Asian,Unknown
801,ASSAULT - SIMPLE,"(42.2905614222734, -71.08926027964193)",B3,On-View,33,Female,White,Unknown
1402,VANDALISM,"(42.32696647136389, -71.06198606584843)",C6,On-View,21,Male,Black or African American,Unknown
423,ASSAULT - AGGRAVATED,"(42.312906478055716, -71.057623249762)",C11,On-View,47,Male,Asian,Unknown
1402,VANDALISM,"(42.31709355046751, -71.07802976841748)",B2,On-View,46,Female,Black or African American,Unknown
613,LARCENY SHOPLIFTING,"(42.32696647136389, -71.06198606584843)",C6,On-View,20,Female,Black or African American,Unknown
1810,DRUGS - POSSESSION/ SALE/ MANUFACTURING/ USE,"(42.32809966041151, -71.06321676048991)",C6,Taken into Custody,49,Male,White,Unknown
423,ASSAULT - AGGRAVATED,"(42.318826552327735, -71.06605368081075)",B2,On-View,16,Male,Black or African American,Not Hispanic or Latino
423,ASSAULT - AGGRAVATED,"(42.3183879120334, -71.07686287602016)",,On-View,15,Male,Black or African American,Not Hispanic or Latino
613,LARCENY SHOPLIFTING,"(42.32696647136389, -71.06198606584843)",C6,On-View,39,Male,Black or African American,Unknown
423,ASSAULT - AGGRAVATED,"(42.318911489831606, -71.0673185274077)",B2,On-View,39,Female,Black or African American,Unknown
615,LARCENY THEFT OF MV PARTS & ACCESSORIES,"(42.30888597715991, -71.06923089764558)",C11,On-View,35,Male,White,Unknown
613,LARCENY SHOPLIFTING,"(42.32696647136389, -71.06198606584843)",C6,On-View,26,Male,Black or African American,Unknown
520,BURGLARY - RESIDENTIAL,"(42.3189412460306, -71.05483548999058)",C11,On-View,63,Male,Black or African American,Unknown
423,ASSAULT - AGGRAVATED,,C6,On-View,23,Male,Black or African American,Unknown
801,ASSAULT - SIMPLE,"(42.316102412583874, -71.07756198793237)",B2,On-View,34,Male,Black or African American,Unknown
423,ASSAULT - AGGRAVATED,"(42.2717076528618, -71.10622978555178)",B3,Taken into Custody,40,Male,Black or African American,Unknown
1300,STOLEN PROPERTY - BUYING / RECEIVING / POSSESSING,"(42.27854699578345, -71.09325998318566)",B3,On-View,44,Male,White,Unknown
1501,WEAPON VIOLATION - CARRY/ POSSESSING/ SALE/ TRAFFICKING/ OTHER,"(42.278559838055365, -71.09199697424748)",B3,On-View,44,Male,Black or African American,Unknown
301,ROBBERY,"(42.2796829924884, -71.09286048302566)",B3,On-View,23,Female,White,Unknown
1501,WEAPON VIOLATION - CARRY/ POSSESSING/ SALE/ TRAFFICKING/ OTHER,,B3,On-View,58,Male,Black or African American,Unknown
613,LARCENY SHOPLIFTING,"(42.27130225372019, -71.07442361965835)",B3,On-View,43,Female,Black or African American,Unknown
613,LARCENY SHOPLIFTING,"(42.28187060713829, -71.08751151911808)",B3,On-View,26,Female,White,Unknown
614,LARCENY THEFT FROM MV - NON-ACCESSORY,"(42.27796370032287, -71.09246318185207)",B3,On-View,42,Male,Black or African American,Hispanic or Latino
423,ASSAULT - AGGRAVATED,"(42.27141481952341, -71.08014338104022)",B3,On-View,34,Male,Black or African American,Unknown
1810,DRUGS - POSSESSION/ SALE/ MANUFACTURING/ USE,,E18,On-View,43,Male,Black or African American,Unknown
423,ASSAULT - AGGRAVATED,"(42.2715394755622, -71.0792961943288)",B3,On-View,14,Male,Black or African American,Unknown
423,ASSAULT - AGGRAVATED,"(42.281841127773696, -71.0987170887407)",B3,On-View,15,Male,White,Unknown
423,ASSAULT - AGGRAVATED,"(42.33069204688603, -71.05826063771673)",C6,On-View,34,Male,Black or African American,Unknown
1810,DRUGS - POSSESSION/ SALE/ MANUFACTURING/ USE,"(42.32974299799747, -71.0582630187471)",C6,On-View,46,Male,Black or African American,Unknown
423,ASSAULT - AGGRAVATED,,C6,On-View,28,Male,Black or African American,Unknown
423,ASSAULT - AGGRAVATED,"(42.33561660540492, -71.03641894488216)",C6,On-View,65,Male,White,Unknown
614,LARCENY THEFT FROM MV - NON-ACCESSORY,"(42.32474570827045, -71.05553501937871)",C6,On-View,39,Male,Black or African American,Unknown
1810,DRUGS - POSSESSION/ SALE/ MANUFACTURING/ USE,"(42.34234192786415, -71.05633275534915)",C6,On-View,38,Male,Black or African American,Unknown
1810,DRUGS - POSSESSION/ SALE/ MANUFACTURING/ USE,"(42.33063706982943, -71.04902664226015)",C6,On-View,49,Male,Black or African American,Unknown
1501,WEAPON VIOLATION - CARRY/ POSSESSING/ SALE/ TRAFFICKING/ OTHER,"(42.33686601568848, -71.0531299649456)",C6,On-View,29,Male,Black or African American,Unknown
1810,DRUGS - POSSESSION/ SALE/ MANUFACTURING/ USE,"(42.389153972969815, -71.01062505620476)",A7,On-View,29,Male,Unknown,Unknown
423,ASSAULT - AGGRAVATED,"(42.373827551621346, -71.04052458543525)",A7,On-View,36,Male,Black or African American,Unknown
423,ASSAULT - AGGRAVATED,"(42.39274001533235, -71.00479067144424)",A7,On-View,35,Female,Black or African American,Unknown
1300,STOLEN PROPERTY - BUYING / RECEIVING / POSSESSING,"(42.37950444013033, -71.02857704984493)",A7,On-View,22,Male,White,Unknown
520,BURGLARY - RESIDENTIAL,"(42.36809770239406, -71.03606404168553)",A7,On-View,52,Male,Black or African American,Unknown
1810,DRUGS - POSSESSION/ SALE/ MANUFACTURING/ USE,"(42.38817032562882, -71.00939543661947)",A7,On-View,25,Male,Black or African American,Unknown
423,ASSAULT - AGGRAVATED,"(42.36856801861524, -71.04121708085367)",A7,On-View,40,Male,White,Unknown
1810,DRUGS - POSSESSION/ SALE/ MANUFACTURING/ USE,"(42.37024879722481, -71.03838001668821)",A7,On-View,62,Male,Black or African American,Unknown
613,LARCENY SHOPLIFTING,,A7,On-View,45,Female,Black or African American,Unknown
613,LARCENY SHOPLIFTING,"(42.373827551621346, -71.04052458543525)",A7,On-View,13,Male,Black or African American,Unknown
613,LARCENY SHOPLIFTING,"(42.373827551621346, -71.04052458543525)",A7,On-View,14,Male,Black or African American,Unknown
1810,DRUGS - POSSESSION/ SALE/ MANUFACTURING/ USE,"(42.381636132888396, -71.01774926888022)",A7,On-View,24,Female,Black or African American,Not Hispanic or Latino
614,LARCENY THEFT FROM MV - NON-ACCESSORY,"(42.37371103607659, -71.05834105912217)",A15,On-View,44,Male,White,Unknown
1810,DRUGS - POSSESSION/ SALE/ MANUFACTURING/ USE,"(42.32734995807684, -71.0830984987183)",A15,On-View,48,Male,White,Unknown
801,ASSAULT - SIMPLE,"(42.37736388420166, -71.05791376034846)",A15,On-View,21,Male,Black or African American,Unknown
423,ASSAULT - AGGRAVATED,"(42.374794506784056, -71.06600871043159)",A15,On-View,16,Female,Black or African American,Unknown
801,ASSAULT - SIMPLE,"(42.37685199487684, -71.06887254497263)",,On-View,35,Male,White,Unknown
423,ASSAULT - AGGRAVATED,"(42.378053450452754, -71.06676654840875)",,On-View,15,Male,White,Hispanic or Latino
1402,VANDALISM,"(42.37749763589496, -71.0503121945217)",A15,On-View,16,Male,Black or African American,Hispanic or Latino
423,ASSAULT - AGGRAVATED,"(42.30055517439443, -71.11312438635161)",E13,On-View,22,Male,Asian,Unknown
1810,DRUGS - POSSESSION/ SALE/ MANUFACTURING/ USE,"(42.32078596374089, -71.09316896436471)",E13,On-View,46,Male,White,Unknown
1810,DRUGS - POSSESSION/ SALE/ MANUFACTURING/ USE,"(42.35234140419862, -71.06296987361101)",E13,Taken into Custody,27,Male,White,Unknown
423,ASSAULT - AGGRAVATED,"(42.32283758702995, -71.10096722512631)",C11,On-View,52,Male,White,Unknown
1810,DRUGS - POSSESSION/ SALE/ MANUFACTURING/ USE,"(42.35234140419862, -71.06296987361101)",E13,On-View,26,Male,White,Unknown
1810,DRUGS - POSSESSION/ SALE/ MANUFACTURING/ USE,"(42.35234140419862, -71.06296987361101)",A1,On-View,36,Male,White,Hispanic or Latino
1810,DRUGS - POSSESSION/ SALE/ MANUFACTURING/ USE,"(42.35234140419862, -71.06296987361101)",A1,On-View,36,Male,White,Unknown
1810,DRUGS - POSSESSION/ SALE/ MANUFACTURING/ USE,"(42.316941885719956, -71.1039455810991)",E13,On-View,34,Female,White,Hispanic or Latino
2647,THREATS TO DO BODILY HARM,"(42.316748109473124, -71.11356249137687)",E13,On-View,52,Male,White,Unknown
1810,DRUGS - POSSESSION/ SALE/ MANUFACTURING/ USE,"(42.310609671465315, -71.10733333449456)",E13,On-View,33,Male,White,Unknown
423,ASSAULT - AGGRAVATED,,A1,On-View,29,Male,White,Unknown
423,ASSAULT - AGGRAVATED,"(42.285347435538824, -71.11047632952616)",E18,On-View,21,Male,White,Unknown
1810,DRUGS - POSSESSION/ SALE/ MANUFACTURING/ USE,"(42.28747650962309, -71.10695495663543)",E18,On-View,28,Female,White,Unknown
1810,DRUGS - POSSESSION/ SALE/ MANUFACTURING/ USE,"(42.28747650962309, -71.10695495663543)",E18,On-View,21,Male,Black or African American,Not Hispanic or Latino
2647,THREATS TO DO BODILY HARM,"(42.28175144023569, -71.127081829909)",E5,On-View,36,Male,Black or African American,Unknown
1102,FRAUD - FALSE PRETENSE / SCHEME,"(42.28636892477974, -71.13005503284688)",E5,On-View,32,Male,White,Unknown
619,LARCENY ALL OTHERS,,E5,On-View,58,Male,White,Unknown
613,LARCENY SHOPLIFTING,"(42.35654107607043, -71.05982952779992)",A15,On-View,30,Male,White,Unknown
1810,DRUGS - POSSESSION/ SALE/ MANUFACTURING/ USE,"(42.35521428732261, -71.06206350909659)",A1,On-View,45,Female,White,Unknown
520,BURGLARY - RESIDENTIAL,"(42.27327664106325, -71.16521913860537)",E5,On-View,25,Male,Black or African American,Unknown
1810,DRUGS - POSSESSION/ SALE/ MANUFACTURING/ USE,"(42.35590006792458, -71.13172131842545)",D14,On-View,38,Male,Black or African American,Unknown
520,BURGLARY - RESIDENTIAL,"(42.34984182543643, -71.13678902133276)",D14,Taken into Custody,29,Male,Black or African American,Unknown
615,LARCENY THEFT OF MV PARTS & ACCESSORIES,"(42.353446467329626, -71.14212462362026)",D14,On-View,25,Male,White,Unknown
520,BURGLARY - RESIDENTIAL,"(42.35148741691464, -71.1366079718742)",D14,On-View,41,Female,Black or African American,Unknown
613,LARCENY SHOPLIFTING,"(42.35329785070248, -71.1340502835668)",D14,On-View,21,Female,White,Unknown
801,ASSAULT - SIMPLE,"(42.353011186512404, -71.13261450756816)",D14,On-View,30,Male,Black or African American,Hispanic or Latino
520,BURGLARY - RESIDENTIAL,"(42.350854488076834, -71.13408858956902)",D14,On-View,29,Male,White,Unknown
520,BURGLARY - RESIDENTIAL,"(42.353131637132726, -71.14517338698923)",D14,On-View,22,Female,White,Unknown
423,ASSAULT - AGGRAVATED,"(42.341306088112304, -71.14491279798932)",,On-View,41,Male,Black or African American,Unknown
520,BURGLARY - RESIDENTIAL,"(42.35160841633627, -71.14602579743284)",D14,On-View,50,Male,White,Unknown
1501,WEAPON VIOLATION - CARRY/ POSSESSING/ SALE/ TRAFFICKING/ OTHER,"(42.34127775307037, -71.16606070255986)",D14,On-View,30,Female,Black or African American,Unknown
1810,DRUGS - POSSESSION/ SALE/ MANUFACTURING/ USE,"(42.35594238717985, -71.06258333167791)",A1,On-View,25,Male,Black or African American,Not Hispanic or Latino
540,BURGLARY - COMMERICAL,"(42.35803303236218, -71.14126199497804)",D14,Taken into Custody,53,Male,White,Unknown
615,LARCENY THEFT OF MV PARTS & ACCESSORIES,"(42.36019392471584, -71.15054493404938)",D14,On-View,27,Male,Black or African American,Unknown
1810,DRUGS - POSSESSION/ SALE/ MANUFACTURING/ USE,"(42.35594238717985, -71.06258333167791)",A1,On-View,28,Male,Black or African American,Unknown
301,ROBBERY,"(42.252894980260436, -71.12741457005583)",E18,On-View,23,Male,White,Unknown
613,LARCENY SHOPLIFTING,"(42.27413021331998, -71.1167461692877)",E18,On-View,16,Male,Black or African American,Unknown
520,BURGLARY - RESIDENTIAL,"(42.250598631893894, -71.14354881591657)",E18,On-View,39,Male,Black or African American,Unknown
301,ROBBERY,"(42.24124925533901, -71.12629907670339)",E18,On-View,32,Male,White,Unknown
423,ASSAULT - AGGRAVATED,"(42.2593283324292, -71.12816430137993)",E18,On-View,25,Male,White,Unknown
613,LARCENY SHOPLIFTING,"(42.3481315830497, -71.08027001562783)",D4,On-View,16,Male,White,Hispanic or Latino
613,LARCENY SHOPLIFTING,"(42.3481315830497, -71.08027001562783)",D4,On-View,30,Male,Black or African American,Not Hispanic or Latino
801,ASSAULT - SIMPLE,"(42.34932471285015, -71.0801480124617)",D4,On-View,28,Female,White,Unknown
613,LARCENY SHOPLIFTING,"(42.3481315830497, -71.08027001562783)",D4,On-View,24,Male,White,Unknown
423,ASSAULT - AGGRAVATED,"(42.352756167727144, -71.04748127479294)",C6,On-View,27,Male,Black or African American,Unknown
1001,FORGERY / COUNTERFEITING,"(42.35196451342847, -71.04611291097456)",C6,On-View,33,Male,Black or African American,Unknown
617,LARCENY THEFT FROM BUILDING,"(42.35006633887883, -71.0479899000028)",C6,On-View,30,Female,White,Unknown
801,ASSAULT - SIMPLE,"(42.351705713874026, -71.11989955508469)",,On-View,25,Male,Black or African American,Unknown
540,BURGLARY - COMMERICAL,"(42.344422658102836, -71.09833082815538)",D4,On-View,39,Male,Black or African American,Unknown
